10.000000,10.000000,10.000000,10.000000,1.000000,0.010000,0.030000,0.500000,0.100000,-65.000000
0 0 0 1570.8 0
1 -5000 -1570.8 7500.1 0
2 -2500 -2500 5000.1 0
3 -2500 -2500 5000.1 0
4 -2500 -2500 5000.1 0
5 -2500 -2500 5000.1 0
6 -2500 -2500 5000.1 0
7 -2500 -2500 5000.1 0
8 -2500 -2500 5000.1 0
9 -2500 -2500 5000.1 0
10 -2500 -2500 7500.1 0
11 -1570.8 -5000 1570.8 0

******
0.010000,-65.000000,0.000000,0.100000
0 0 0 1570.8 0
1 -5000 -1570.8 7500.1 0
2 -2500 -2500 5000.1 0
3 -2500 -2500 5000.1 0
4 -2500 -2500 5000.1 0
5 -2500 -2500 5000.1 0
6 -2500 -2500 5000.1 0
7 -2500 -2500 5000.1 0
8 -2500 -2500 5000.1 0
9 -2500 -2500 5000.1 0
10 -2500 -2500 7500.1 0
11 -1570.8 -5000 1570.8 0

******
0.020000,-65.000000,0.000000,0.100000
0 0 0 1570.8 0
1 -5000 -1570.8 7500.1 0
2 -2500 -2500 5000.1 0
3 -2500 -2500 5000.1 0
4 -2500 -2500 5000.1 0
5 -2500 -2500 5000.1 0
6 -2500 -2500 5000.1 0.31831
7 -2500 -2500 5000.1 0
8 -2500 -2500 5000.1 0
9 -2500 -2500 5000.1 0
10 -2500 -2500 7500.1 0
11 -1570.8 -5000 1570.8 0

******
0.030000,-65.000000,0.000000,0.100000
0 0 0 1570.8 0
1 -5000 -1570.8 7500.1 0.0318227
2 -2500 -2500 5000.1 0.031824
3 -2500 -2500 5000.1 0.0318265
4 -2500 -2500 5000.1 0.0318304
5 -2500 -2500 5000.1 0.0318354
6 -2500 -2500 5000.1 0.0318418
7 -2500 -2500 5000.1 0.0318367
8 -2500 -2500 5000.1 0.0318329
9 -2500 -2500 5000.1 0.0318304
10 -2500 -2500 7500.1 0.0318291
11 -1570.8 -5000 1570.8 0

******
0.040000,-64.681582,0.031842,0.100000
0 0 0 1570.8 0
1 -5000 -1570.8 7500.1 0.031831
2 -2500 -2500 5000.1 0.031831
3 -2500 -2500 5000.1 0.031831
4 -2500 -2500 5000.1 0.031831
5 -2500 -2500 5000.1 0.031831
6 -2500 -2500 5000.1 0.031831
7 -2500 -2500 5000.1 0.031831
8 -2500 -2500 5000.1 0.031831
9 -2500 -2500 5000.1 0.031831
10 -2500 -2500 7500.1 0.031831
11 -1570.8 -5000 1570.8 0

******
0.050000,-64.363272,0.031831,0.100000
0 0 0 1570.8 0
1 -5000 -1570.8 7500.1 0.031831
2 -2500 -2500 5000.1 0.031831
3 -2500 -2500 5000.1 0.031831
4 -2500 -2500 5000.1 0.031831
5 -2500 -2500 5000.1 0.031831
6 -2500 -2500 5000.1 0.031831
7 -2500 -2500 5000.1 0.031831
8 -2500 -2500 5000.1 0.031831
9 -2500 -2500 5000.1 0.031831
10 -2500 -2500 7500.1 0.031831
11 -1570.8 -5000 1570.8 0

******
0.060000,-64.044962,0.031831,0.100000
0 0 0 1570.8 0
1 -5000 -1570.8 7500.1 0.031831
2 -2500 -2500 5000.1 0.031831
3 -2500 -2500 5000.1 0.031831
4 -2500 -2500 5000.1 0.031831
5 -2500 -2500 5000.1 0.031831
6 -2500 -2500 5000.1 0.031831
7 -2500 -2500 5000.1 0.031831
8 -2500 -2500 5000.1 0.031831
9 -2500 -2500 5000.1 0.031831
10 -2500 -2500 7500.1 0.031831
11 -1570.8 -5000 1570.8 0

******
0.070000,-63.726652,0.031831,0.100000
0 0 0 1570.8 0
1 -5000 -1570.8 7500.1 0.031831
2 -2500 -2500 5000.1 0.031831
3 -2500 -2500 5000.1 0.031831
4 -2500 -2500 5000.1 0.031831
5 -2500 -2500 5000.1 0.031831
6 -2500 -2500 5000.1 0.031831
7 -2500 -2500 5000.1 0.031831
8 -2500 -2500 5000.1 0.031831
9 -2500 -2500 5000.1 0.031831
10 -2500 -2500 7500.1 0.031831
11 -1570.8 -5000 1570.8 0

******
0.080000,-63.408342,0.031831,0.100000
0 0 0 1570.8 0
1 -5000 -1570.8 7500.1 0.031831
2 -2500 -2500 5000.1 0.031831
3 -2500 -2500 5000.1 0.031831
4 -2500 -2500 5000.1 0.031831
5 -2500 -2500 5000.1 0.031831
6 -2500 -2500 5000.1 0.031831
7 -2500 -2500 5000.1 0.031831
8 -2500 -2500 5000.1 0.031831
9 -2500 -2500 5000.1 0.031831
10 -2500 -2500 7500.1 0.031831
11 -1570.8 -5000 1570.8 0

******
0.090000,-63.090032,0.031831,0.100000
0 0 0 1570.8 0
1 -5000 -1570.8 7500.1 0.031831
2 -2500 -2500 5000.1 0.031831
3 -2500 -2500 5000.1 0.031831
4 -2500 -2500 5000.1 0.031831
5 -2500 -2500 5000.1 0.031831
6 -2500 -2500 5000.1 0.031831
7 -2500 -2500 5000.1 0.031831
8 -2500 -2500 5000.1 0.031831
9 -2500 -2500 5000.1 0.031831
10 -2500 -2500 7500.1 0.031831
11 -1570.8 -5000 1570.8 0

******
0.100000,-62.771723,0.031831,0.100000
0 0 0 1570.8 0
1 -5000 -1570.8 7500.1 0.031831
2 -2500 -2500 5000.1 0.031831
3 -2500 -2500 5000.1 0.031831
4 -2500 -2500 5000.1 0.031831
5 -2500 -2500 5000.1 0.031831
6 -2500 -2500 5000.1 0.031831
7 -2500 -2500 5000.1 0.031831
8 -2500 -2500 5000.1 0.031831
9 -2500 -2500 5000.1 0.031831
10 -2500 -2500 7500.1 0.031831
11 -1570.8 -5000 1570.8 0

******
0.110000,-62.453413,0.031831,0.100000
0 0 0 1570.8 0
1 -5000 -1570.8 7500.1 0.031831
2 -2500 -2500 5000.1 0.031831
3 -2500 -2500 5000.1 0.031831
4 -2500 -2500 5000.1 0.031831
5 -2500 -2500 5000.1 0.031831
6 -2500 -2500 5000.1 0.031831
7 -2500 -2500 5000.1 0.031831
8 -2500 -2500 5000.1 0.031831
9 -2500 -2500 5000.1 0.031831
10 -2500 -2500 7500.1 0.031831
11 -1570.8 -5000 1570.8 0

******
0.120000,-62.135103,0.031831,0.100000
0 0 0 1570.8 0
1 -5000 -1570.8 7500.1 0.031831
2 -2500 -2500 5000.1 0.031831
3 -2500 -2500 5000.1 0.031831
4 -2500 -2500 5000.1 0.031831
5 -2500 -2500 5000.1 0.031831
6 -2500 -2500 5000.1 0.031831
7 -2500 -2500 5000.1 0.031831
8 -2500 -2500 5000.1 0.031831
9 -2500 -2500 5000.1 0.031831
10 -2500 -2500 7500.1 0.031831
11 -1570.8 -5000 1570.8 0

******
0.130000,-61.816793,0.031831,0.100000
0 0 0 1570.8 0
1 -5000 -1570.8 7500.1 0.031831
2 -2500 -2500 5000.1 0.031831
3 -2500 -2500 5000.1 0.031831
4 -2500 -2500 5000.1 0.031831
5 -2500 -2500 5000.1 0.031831
6 -2500 -2500 5000.1 0.031831
7 -2500 -2500 5000.1 0.031831
8 -2500 -2500 5000.1 0.031831
9 -2500 -2500 5000.1 0.031831
10 -2500 -2500 7500.1 0.031831
11 -1570.8 -5000 1570.8 0

******
0.140000,-61.498483,0.031831,0.100000
0 0 0 1570.8 0
1 -5000 -1570.8 7500.1 0.031831
2 -2500 -2500 5000.1 0.031831
3 -2500 -2500 5000.1 0.031831
4 -2500 -2500 5000.1 0.031831
5 -2500 -2500 5000.1 0.031831
6 -2500 -2500 5000.1 0.031831
7 -2500 -2500 5000.1 0.031831
8 -2500 -2500 5000.1 0.031831
9 -2500 -2500 5000.1 0.031831
10 -2500 -2500 7500.1 0.031831
11 -1570.8 -5000 1570.8 0

******
0.150000,-61.180173,0.031831,0.100000
0 0 0 1570.8 0
1 -5000 -1570.8 7500.1 0.031831
2 -2500 -2500 5000.1 0.031831
3 -2500 -2500 5000.1 0.031831
4 -2500 -2500 5000.1 0.031831
5 -2500 -2500 5000.1 0.031831
6 -2500 -2500 5000.1 0.031831
7 -2500 -2500 5000.1 0.031831
8 -2500 -2500 5000.1 0.031831
9 -2500 -2500 5000.1 0.031831
10 -2500 -2500 7500.1 0.031831
11 -1570.8 -5000 1570.8 0

******
0.160000,-60.861863,0.031831,0.100000
0 0 0 1570.8 0
1 -5000 -1570.8 7500.1 0.031831
2 -2500 -2500 5000.1 0.031831
3 -2500 -2500 5000.1 0.031831
4 -2500 -2500 5000.1 0.031831
5 -2500 -2500 5000.1 0.031831
6 -2500 -2500 5000.1 0.031831
7 -2500 -2500 5000.1 0.031831
8 -2500 -2500 5000.1 0.031831
9 -2500 -2500 5000.1 0.031831
10 -2500 -2500 7500.1 0.031831
11 -1570.8 -5000 1570.8 0

******
0.170000,-60.543553,0.031831,0.100000
0 0 0 1570.8 0
1 -5000 -1570.8 7500.1 0.031831
2 -2500 -2500 5000.1 0.031831
3 -2500 -2500 5000.1 0.031831
4 -2500 -2500 5000.1 0.031831
5 -2500 -2500 5000.1 0.031831
6 -2500 -2500 5000.1 0.031831
7 -2500 -2500 5000.1 0.031831
8 -2500 -2500 5000.1 0.031831
9 -2500 -2500 5000.1 0.031831
10 -2500 -2500 7500.1 0.031831
11 -1570.8 -5000 1570.8 0

******
0.180000,-60.225243,0.031831,0.100000
0 0 0 1570.8 0
1 -5000 -1570.8 7500.1 0.031831
2 -2500 -2500 5000.1 0.031831
3 -2500 -2500 5000.1 0.031831
4 -2500 -2500 5000.1 0.031831
5 -2500 -2500 5000.1 0.031831
6 -2500 -2500 5000.1 0.031831
7 -2500 -2500 5000.1 0.031831
8 -2500 -2500 5000.1 0.031831
9 -2500 -2500 5000.1 0.031831
10 -2500 -2500 7500.1 0.031831
11 -1570.8 -5000 1570.8 0

******
0.190000,-59.906934,0.031831,0.100000
0 0 0 1570.8 0
1 -5000 -1570.8 7500.1 0.031831
2 -2500 -2500 5000.1 0.031831
3 -2500 -2500 5000.1 0.031831
4 -2500 -2500 5000.1 0.031831
5 -2500 -2500 5000.1 0.031831
6 -2500 -2500 5000.1 0.031831
7 -2500 -2500 5000.1 0.031831
8 -2500 -2500 5000.1 0.031831
9 -2500 -2500 5000.1 0.031831
10 -2500 -2500 7500.1 0.031831
11 -1570.8 -5000 1570.8 0

******
0.200000,-59.588624,0.031831,0.100000
0 0 0 1570.8 0
1 -5000 -1570.8 7500.1 0.031831
2 -2500 -2500 5000.1 0.031831
3 -2500 -2500 5000.1 0.031831
4 -2500 -2500 5000.1 0.031831
5 -2500 -2500 5000.1 0.031831
6 -2500 -2500 5000.1 0.031831
7 -2500 -2500 5000.1 0.031831
8 -2500 -2500 5000.1 0.031831
9 -2500 -2500 5000.1 0.031831
10 -2500 -2500 7500.1 0.031831
11 -1570.8 -5000 1570.8 0

******
0.210000,-59.270314,0.031831,0.100000
0 0 0 1570.8 0
1 -5000 -1570.8 7500.1 0.031831
2 -2500 -2500 5000.1 0.031831
3 -2500 -2500 5000.1 0.031831
4 -2500 -2500 5000.1 0.031831
5 -2500 -2500 5000.1 0.031831
6 -2500 -2500 5000.1 0.031831
7 -2500 -2500 5000.1 0.031831
8 -2500 -2500 5000.1 0.031831
9 -2500 -2500 5000.1 0.031831
10 -2500 -2500 7500.1 0.031831
11 -1570.8 -5000 1570.8 0

******
0.220000,-58.952004,0.031831,0.100000
0 0 0 1570.8 0
1 -5000 -1570.8 7500.1 0.031831
2 -2500 -2500 5000.1 0.031831
3 -2500 -2500 5000.1 0.031831
4 -2500 -2500 5000.1 0.031831
5 -2500 -2500 5000.1 0.031831
6 -2500 -2500 5000.1 0.031831
7 -2500 -2500 5000.1 0.031831
8 -2500 -2500 5000.1 0.031831
9 -2500 -2500 5000.1 0.031831
10 -2500 -2500 7500.1 0.031831
11 -1570.8 -5000 1570.8 0

******
0.230000,-58.633694,0.031831,0.100000
0 0 0 1570.8 0
1 -5000 -1570.8 7500.1 0.031831
2 -2500 -2500 5000.1 0.031831
3 -2500 -2500 5000.1 0.031831
4 -2500 -2500 5000.1 0.031831
5 -2500 -2500 5000.1 0.031831
6 -2500 -2500 5000.1 0.031831
7 -2500 -2500 5000.1 0.031831
8 -2500 -2500 5000.1 0.031831
9 -2500 -2500 5000.1 0.031831
10 -2500 -2500 7500.1 0.031831
11 -1570.8 -5000 1570.8 0

******
0.240000,-58.315384,0.031831,0.100000
0 0 0 1570.8 0
1 -5000 -1570.8 7500.1 0.031831
2 -2500 -2500 5000.1 0.031831
3 -2500 -2500 5000.1 0.031831
4 -2500 -2500 5000.1 0.031831
5 -2500 -2500 5000.1 0.031831
6 -2500 -2500 5000.1 0.031831
7 -2500 -2500 5000.1 0.031831
8 -2500 -2500 5000.1 0.031831
9 -2500 -2500 5000.1 0.031831
10 -2500 -2500 7500.1 0.031831
11 -1570.8 -5000 1570.8 0

******
0.250000,-57.997074,0.031831,0.100000
0 0 0 1570.8 0
1 -5000 -1570.8 7500.1 0.031831
2 -2500 -2500 5000.1 0.031831
3 -2500 -2500 5000.1 0.031831
4 -2500 -2500 5000.1 0.031831
5 -2500 -2500 5000.1 0.031831
6 -2500 -2500 5000.1 0.031831
7 -2500 -2500 5000.1 0.031831
8 -2500 -2500 5000.1 0.031831
9 -2500 -2500 5000.1 0.031831
10 -2500 -2500 7500.1 0.031831
11 -1570.8 -5000 1570.8 0

******
0.260000,-57.678764,0.031831,0.100000
0 0 0 1570.8 0
1 -5000 -1570.8 7500.1 0.031831
2 -2500 -2500 5000.1 0.031831
3 -2500 -2500 5000.1 0.031831
4 -2500 -2500 5000.1 0.031831
5 -2500 -2500 5000.1 0.031831
6 -2500 -2500 5000.1 0.031831
7 -2500 -2500 5000.1 0.031831
8 -2500 -2500 5000.1 0.031831
9 -2500 -2500 5000.1 0.031831
10 -2500 -2500 7500.1 0.031831
11 -1570.8 -5000 1570.8 0

******
0.270000,-57.360455,0.031831,0.100000
0 0 0 1570.8 0
1 -5000 -1570.8 7500.1 0.031831
2 -2500 -2500 5000.1 0.031831
3 -2500 -2500 5000.1 0.031831
4 -2500 -2500 5000.1 0.031831
5 -2500 -2500 5000.1 0.031831
6 -2500 -2500 5000.1 0.031831
7 -2500 -2500 5000.1 0.031831
8 -2500 -2500 5000.1 0.031831
9 -2500 -2500 5000.1 0.031831
10 -2500 -2500 7500.1 0.031831
11 -1570.8 -5000 1570.8 0

******
0.280000,-57.042145,0.031831,0.100000
0 0 0 1570.8 0
1 -5000 -1570.8 7500.1 0.031831
2 -2500 -2500 5000.1 0.031831
3 -2500 -2500 5000.1 0.031831
4 -2500 -2500 5000.1 0.031831
5 -2500 -2500 5000.1 0.031831
6 -2500 -2500 5000.1 0.031831
7 -2500 -2500 5000.1 0.031831
8 -2500 -2500 5000.1 0.031831
9 -2500 -2500 5000.1 0.031831
10 -2500 -2500 7500.1 0.031831
11 -1570.8 -5000 1570.8 0

******
0.290000,-56.723835,0.031831,0.100000
0 0 0 1570.8 0
1 -5000 -1570.8 7500.1 0.031831
2 -2500 -2500 5000.1 0.031831
3 -2500 -2500 5000.1 0.031831
4 -2500 -2500 5000.1 0.031831
5 -2500 -2500 5000.1 0.031831
6 -2500 -2500 5000.1 0.031831
7 -2500 -2500 5000.1 0.031831
8 -2500 -2500 5000.1 0.031831
9 -2500 -2500 5000.1 0.031831
10 -2500 -2500 7500.1 0.031831
11 -1570.8 -5000 1570.8 0

******
0.300000,-56.405525,0.031831,0.100000
0 0 0 1570.8 0
1 -5000 -1570.8 7500.1 0.031831
2 -2500 -2500 5000.1 0.031831
3 -2500 -2500 5000.1 0.031831
4 -2500 -2500 5000.1 0.031831
5 -2500 -2500 5000.1 0.031831
6 -2500 -2500 5000.1 0.031831
7 -2500 -2500 5000.1 0.031831
8 -2500 -2500 5000.1 0.031831
9 -2500 -2500 5000.1 0.031831
10 -2500 -2500 7500.1 0.031831
11 -1570.8 -5000 1570.8 0

******
0.310000,-56.087215,0.031831,0.100000
0 0 0 1570.8 0
1 -5000 -1570.8 7500.1 0.031831
2 -2500 -2500 5000.1 0.031831
3 -2500 -2500 5000.1 0.031831
4 -2500 -2500 5000.1 0.031831
5 -2500 -2500 5000.1 0.031831
6 -2500 -2500 5000.1 0.031831
7 -2500 -2500 5000.1 0.031831
8 -2500 -2500 5000.1 0.031831
9 -2500 -2500 5000.1 0.031831
10 -2500 -2500 7500.1 0.031831
11 -1570.8 -5000 1570.8 0

******
0.320000,-55.768905,0.031831,0.100000
0 0 0 1570.8 0
1 -5000 -1570.8 7500.1 0.031831
2 -2500 -2500 5000.1 0.031831
3 -2500 -2500 5000.1 0.031831
4 -2500 -2500 5000.1 0.031831
5 -2500 -2500 5000.1 0.031831
6 -2500 -2500 5000.1 0.031831
7 -2500 -2500 5000.1 0.031831
8 -2500 -2500 5000.1 0.031831
9 -2500 -2500 5000.1 0.031831
10 -2500 -2500 7500.1 0.031831
11 -1570.8 -5000 1570.8 0

******
0.330000,-55.450595,0.031831,0.100000
0 0 0 1570.8 0
1 -5000 -1570.8 7500.1 0.031831
2 -2500 -2500 5000.1 0.031831
3 -2500 -2500 5000.1 0.031831
4 -2500 -2500 5000.1 0.031831
5 -2500 -2500 5000.1 0.031831
6 -2500 -2500 5000.1 0.031831
7 -2500 -2500 5000.1 0.031831
8 -2500 -2500 5000.1 0.031831
9 -2500 -2500 5000.1 0.031831
10 -2500 -2500 7500.1 0.031831
11 -1570.8 -5000 1570.8 0

******
0.340000,-55.132285,0.031831,0.100000
0 0 0 1570.8 0
1 -5000 -1570.8 7500.1 0.031831
2 -2500 -2500 5000.1 0.031831
3 -2500 -2500 5000.1 0.031831
4 -2500 -2500 5000.1 0.031831
5 -2500 -2500 5000.1 0.031831
6 -2500 -2500 5000.1 0.031831
7 -2500 -2500 5000.1 0.031831
8 -2500 -2500 5000.1 0.031831
9 -2500 -2500 5000.1 0.031831
10 -2500 -2500 7500.1 0.031831
11 -1570.8 -5000 1570.8 0

******
0.350000,-54.813975,0.031831,0.100000
0 0 0 1570.8 0
1 -5000 -1570.8 7500.1 0.031831
2 -2500 -2500 5000.1 0.031831
3 -2500 -2500 5000.1 0.031831
4 -2500 -2500 5000.1 0.031831
5 -2500 -2500 5000.1 0.031831
6 -2500 -2500 5000.1 0.031831
7 -2500 -2500 5000.1 0.031831
8 -2500 -2500 5000.1 0.031831
9 -2500 -2500 5000.1 0.031831
10 -2500 -2500 7500.1 0.031831
11 -1570.8 -5000 1570.8 0

******
0.360000,-54.495666,0.031831,0.100000
0 0 0 1570.8 0
1 -5000 -1570.8 7500.1 0.031831
2 -2500 -2500 5000.1 0.031831
3 -2500 -2500 5000.1 0.031831
4 -2500 -2500 5000.1 0.031831
5 -2500 -2500 5000.1 0.031831
6 -2500 -2500 5000.1 0.031831
7 -2500 -2500 5000.1 0.031831
8 -2500 -2500 5000.1 0.031831
9 -2500 -2500 5000.1 0.031831
10 -2500 -2500 7500.1 0.031831
11 -1570.8 -5000 1570.8 0

******
0.370000,-54.177356,0.031831,0.100000
0 0 0 1570.8 0
1 -5000 -1570.8 7500.1 0.031831
2 -2500 -2500 5000.1 0.031831
3 -2500 -2500 5000.1 0.031831
4 -2500 -2500 5000.1 0.031831
5 -2500 -2500 5000.1 0.031831
6 -2500 -2500 5000.1 0.031831
7 -2500 -2500 5000.1 0.031831
8 -2500 -2500 5000.1 0.031831
9 -2500 -2500 5000.1 0.031831
10 -2500 -2500 7500.1 0.031831
11 -1570.8 -5000 1570.8 0

******
0.380000,-53.859046,0.031831,0.100000
0 0 0 1570.8 0
1 -5000 -1570.8 7500.1 0.031831
2 -2500 -2500 5000.1 0.031831
3 -2500 -2500 5000.1 0.031831
4 -2500 -2500 5000.1 0.031831
5 -2500 -2500 5000.1 0.031831
6 -2500 -2500 5000.1 0.031831
7 -2500 -2500 5000.1 0.031831
8 -2500 -2500 5000.1 0.031831
9 -2500 -2500 5000.1 0.031831
10 -2500 -2500 7500.1 0.031831
11 -1570.8 -5000 1570.8 0

******
0.390000,-53.540736,0.031831,0.100000
0 0 0 1570.8 0
1 -5000 -1570.8 7500.1 0.031831
2 -2500 -2500 5000.1 0.031831
3 -2500 -2500 5000.1 0.031831
4 -2500 -2500 5000.1 0.031831
5 -2500 -2500 5000.1 0.031831
6 -2500 -2500 5000.1 0.031831
7 -2500 -2500 5000.1 0.031831
8 -2500 -2500 5000.1 0.031831
9 -2500 -2500 5000.1 0.031831
10 -2500 -2500 7500.1 0.031831
11 -1570.8 -5000 1570.8 0

******
0.400000,-53.222426,0.031831,0.100000
0 0 0 1570.8 0
1 -5000 -1570.8 7500.1 0.031831
2 -2500 -2500 5000.1 0.031831
3 -2500 -2500 5000.1 0.031831
4 -2500 -2500 5000.1 0.031831
5 -2500 -2500 5000.1 0.031831
6 -2500 -2500 5000.1 0.031831
7 -2500 -2500 5000.1 0.031831
8 -2500 -2500 5000.1 0.031831
9 -2500 -2500 5000.1 0.031831
10 -2500 -2500 7500.1 0.031831
11 -1570.8 -5000 1570.8 0

******
0.410000,-52.904116,0.031831,0.100000
0 0 0 1570.8 0
1 -5000 -1570.8 7500.1 0.031831
2 -2500 -2500 5000.1 0.031831
3 -2500 -2500 5000.1 0.031831
4 -2500 -2500 5000.1 0.031831
5 -2500 -2500 5000.1 0.031831
6 -2500 -2500 5000.1 0.031831
7 -2500 -2500 5000.1 0.031831
8 -2500 -2500 5000.1 0.031831
9 -2500 -2500 5000.1 0.031831
10 -2500 -2500 7500.1 0.031831
11 -1570.8 -5000 1570.8 0

******
0.420000,-52.585806,0.031831,0.100000
0 0 0 1570.8 0
1 -5000 -1570.8 7500.1 0.031831
2 -2500 -2500 5000.1 0.031831
3 -2500 -2500 5000.1 0.031831
4 -2500 -2500 5000.1 0.031831
5 -2500 -2500 5000.1 0.031831
6 -2500 -2500 5000.1 0.031831
7 -2500 -2500 5000.1 0.031831
8 -2500 -2500 5000.1 0.031831
9 -2500 -2500 5000.1 0.031831
10 -2500 -2500 7500.1 0.031831
11 -1570.8 -5000 1570.8 0

******
0.430000,-52.267496,0.031831,0.100000
0 0 0 1570.8 0
1 -5000 -1570.8 7500.1 0.031831
2 -2500 -2500 5000.1 0.031831
3 -2500 -2500 5000.1 0.031831
4 -2500 -2500 5000.1 0.031831
5 -2500 -2500 5000.1 0.031831
6 -2500 -2500 5000.1 0.031831
7 -2500 -2500 5000.1 0.031831
8 -2500 -2500 5000.1 0.031831
9 -2500 -2500 5000.1 0.031831
10 -2500 -2500 7500.1 0.031831
11 -1570.8 -5000 1570.8 0

******
0.440000,-51.949186,0.031831,0.100000
0 0 0 1570.8 0
1 -5000 -1570.8 7500.1 0.031831
2 -2500 -2500 5000.1 0.031831
3 -2500 -2500 5000.1 0.031831
4 -2500 -2500 5000.1 0.031831
5 -2500 -2500 5000.1 0.031831
6 -2500 -2500 5000.1 0.031831
7 -2500 -2500 5000.1 0.031831
8 -2500 -2500 5000.1 0.031831
9 -2500 -2500 5000.1 0.031831
10 -2500 -2500 7500.1 0.031831
11 -1570.8 -5000 1570.8 0

******
0.450000,-51.630877,0.031831,0.100000
0 0 0 1570.8 0
1 -5000 -1570.8 7500.1 0.031831
2 -2500 -2500 5000.1 0.031831
3 -2500 -2500 5000.1 0.031831
4 -2500 -2500 5000.1 0.031831
5 -2500 -2500 5000.1 0.031831
6 -2500 -2500 5000.1 0.031831
7 -2500 -2500 5000.1 0.031831
8 -2500 -2500 5000.1 0.031831
9 -2500 -2500 5000.1 0.031831
10 -2500 -2500 7500.1 0.031831
11 -1570.8 -5000 1570.8 0

******
0.460000,-51.312567,0.031831,0.100000
0 0 0 1570.8 0
1 -5000 -1570.8 7500.1 0.031831
2 -2500 -2500 5000.1 0.031831
3 -2500 -2500 5000.1 0.031831
4 -2500 -2500 5000.1 0.031831
5 -2500 -2500 5000.1 0.031831
6 -2500 -2500 5000.1 0.031831
7 -2500 -2500 5000.1 0.031831
8 -2500 -2500 5000.1 0.031831
9 -2500 -2500 5000.1 0.031831
10 -2500 -2500 7500.1 0.031831
11 -1570.8 -5000 1570.8 0

******
0.470000,-50.994257,0.031831,0.100000
0 0 0 1570.8 0
1 -5000 -1570.8 7500.1 0.031831
2 -2500 -2500 5000.1 0.031831
3 -2500 -2500 5000.1 0.031831
4 -2500 -2500 5000.1 0.031831
5 -2500 -2500 5000.1 0.031831
6 -2500 -2500 5000.1 0.031831
7 -2500 -2500 5000.1 0.031831
8 -2500 -2500 5000.1 0.031831
9 -2500 -2500 5000.1 0.031831
10 -2500 -2500 7500.1 0.031831
11 -1570.8 -5000 1570.8 0

******
0.480000,-50.675947,0.031831,0.100000
0 0 0 1570.8 0
1 -5000 -1570.8 7500.1 0.031831
2 -2500 -2500 5000.1 0.031831
3 -2500 -2500 5000.1 0.031831
4 -2500 -2500 5000.1 0.031831
5 -2500 -2500 5000.1 0.031831
6 -2500 -2500 5000.1 0.031831
7 -2500 -2500 5000.1 0.031831
8 -2500 -2500 5000.1 0.031831
9 -2500 -2500 5000.1 0.031831
10 -2500 -2500 7500.1 0.031831
11 -1570.8 -5000 1570.8 0

******
0.490000,-50.357637,0.031831,0.100000
0 0 0 1570.8 0
1 -5000 -1570.8 7500.1 0.031831
2 -2500 -2500 5000.1 0.031831
3 -2500 -2500 5000.1 0.031831
4 -2500 -2500 5000.1 0.031831
5 -2500 -2500 5000.1 0.031831
6 -2500 -2500 5000.1 0.031831
7 -2500 -2500 5000.1 0.031831
8 -2500 -2500 5000.1 0.031831
9 -2500 -2500 5000.1 0.031831
10 -2500 -2500 7500.1 0.031831
11 -1570.8 -5000 1570.8 0

******
0.500000,-50.039327,0.031831,0.100000
0 0 0 1570.8 0
1 -5000 -1570.8 7500.1 8.27386e-06
2 -2500 -2500 5000.1 7.00096e-06
3 -2500 -2500 5000.1 4.45509e-06
4 -2500 -2500 5000.1 6.36167e-07
5 -2500 -2500 5000.1 -4.45599e-06
6 -2500 -2500 5000.1 -1.08215e-05
7 -2500 -2500 5000.1 -5.72838e-06
8 -2500 -2500 5000.1 -1.90868e-06
9 -2500 -2500 5000.1 6.37659e-07
10 -2500 -2500 7500.1 1.91086e-06
11 -1570.8 -5000 1570.8 0

******
0.510000,-50.039435,-0.000011,0.100000
0 0 0 1570.8 0
1 -5000 -1570.8 7500.1 2.20268e-09
2 -2500 -2500 5000.1 1.84741e-09
3 -2500 -2500 5000.1 1.24345e-09
4 -2500 -2500 5000.1 4.61853e-10
5 -2500 -2500 5000.1 -3.37508e-10
6 -2500 -2500 5000.1 -1.01252e-09
7 -2500 -2500 5000.1 -1.1724e-09
8 -2500 -2500 5000.1 -1.1724e-09
9 -2500 -2500 5000.1 -1.08358e-09
10 -2500 -2500 7500.1 -9.76996e-10
11 -1570.8 -5000 1570.8 0

******
0.520000,-50.039435,-0.000000,0.100000
0 0 0 1570.8 0
1 -5000 -1570.8 7500.1 0
2 -2500 -2500 5000.1 0
3 -2500 -2500 5000.1 0
4 -2500 -2500 5000.1 0
5 -2500 -2500 5000.1 0
6 -2500 -2500 5000.1 0
7 -2500 -2500 5000.1 0
8 -2500 -2500 5000.1 0
9 -2500 -2500 5000.1 0
10 -2500 -2500 7500.1 0
11 -1570.8 -5000 1570.8 0

******
0.530000,-50.039435,-0.000000,0.100000
0 0 0 1570.8 0
1 -5000 -1570.8 7500.1 0
2 -2500 -2500 5000.1 0
3 -2500 -2500 5000.1 0
4 -2500 -2500 5000.1 0
5 -2500 -2500 5000.1 0
6 -2500 -2500 5000.1 0
7 -2500 -2500 5000.1 0
8 -2500 -2500 5000.1 0
9 -2500 -2500 5000.1 0
10 -2500 -2500 7500.1 0
11 -1570.8 -5000 1570.8 0

******
0.540000,-50.039435,0.000000,0.100000
0 0 0 1570.8 0
1 -5000 -1570.8 7500.1 0
2 -2500 -2500 5000.1 0
3 -2500 -2500 5000.1 0
4 -2500 -2500 5000.1 0
5 -2500 -2500 5000.1 0
6 -2500 -2500 5000.1 0
7 -2500 -2500 5000.1 0
8 -2500 -2500 5000.1 0
9 -2500 -2500 5000.1 0
10 -2500 -2500 7500.1 0
11 -1570.8 -5000 1570.8 0

******
0.550000,-50.039435,0.000000,0.100000
0 0 0 1570.8 0
1 -5000 -1570.8 7500.1 0
2 -2500 -2500 5000.1 0
3 -2500 -2500 5000.1 0
4 -2500 -2500 5000.1 0
5 -2500 -2500 5000.1 0
6 -2500 -2500 5000.1 0
7 -2500 -2500 5000.1 0
8 -2500 -2500 5000.1 0
9 -2500 -2500 5000.1 0
10 -2500 -2500 7500.1 0
11 -1570.8 -5000 1570.8 0

******
0.560000,-50.039435,0.000000,0.100000
0 0 0 1570.8 0
1 -5000 -1570.8 7500.1 0
2 -2500 -2500 5000.1 0
3 -2500 -2500 5000.1 0
4 -2500 -2500 5000.1 0
5 -2500 -2500 5000.1 0
6 -2500 -2500 5000.1 0
7 -2500 -2500 5000.1 0
8 -2500 -2500 5000.1 0
9 -2500 -2500 5000.1 0
10 -2500 -2500 7500.1 0
11 -1570.8 -5000 1570.8 0

******
0.570000,-50.039435,0.000000,0.100000
0 0 0 1570.8 0
1 -5000 -1570.8 7500.1 0
2 -2500 -2500 5000.1 0
3 -2500 -2500 5000.1 0
4 -2500 -2500 5000.1 0
5 -2500 -2500 5000.1 0
6 -2500 -2500 5000.1 0
7 -2500 -2500 5000.1 0
8 -2500 -2500 5000.1 0
9 -2500 -2500 5000.1 0
10 -2500 -2500 7500.1 0
11 -1570.8 -5000 1570.8 0

******
0.580000,-50.039435,0.000000,0.100000
0 0 0 1570.8 0
1 -5000 -1570.8 7500.1 0
2 -2500 -2500 5000.1 0
3 -2500 -2500 5000.1 0
4 -2500 -2500 5000.1 0
5 -2500 -2500 5000.1 0
6 -2500 -2500 5000.1 0
7 -2500 -2500 5000.1 0
8 -2500 -2500 5000.1 0
9 -2500 -2500 5000.1 0
10 -2500 -2500 7500.1 0
11 -1570.8 -5000 1570.8 0

******
0.590000,-50.039435,0.000000,0.100000
0 0 0 1570.8 0
1 -5000 -1570.8 7500.1 0
2 -2500 -2500 5000.1 0
3 -2500 -2500 5000.1 0
4 -2500 -2500 5000.1 0
5 -2500 -2500 5000.1 0
6 -2500 -2500 5000.1 0
7 -2500 -2500 5000.1 0
8 -2500 -2500 5000.1 0
9 -2500 -2500 5000.1 0
10 -2500 -2500 7500.1 0
11 -1570.8 -5000 1570.8 0

******
0.600000,-50.039435,0.000000,0.100000
0 0 0 1570.8 0
1 -5000 -1570.8 7500.1 0
2 -2500 -2500 5000.1 0
3 -2500 -2500 5000.1 0
4 -2500 -2500 5000.1 0
5 -2500 -2500 5000.1 0
6 -2500 -2500 5000.1 0
7 -2500 -2500 5000.1 0
8 -2500 -2500 5000.1 0
9 -2500 -2500 5000.1 0
10 -2500 -2500 7500.1 0
11 -1570.8 -5000 1570.8 0

******
0.610000,-50.039435,0.000000,0.100000
0 0 0 1570.8 0
1 -5000 -1570.8 7500.1 0
2 -2500 -2500 5000.1 0
3 -2500 -2500 5000.1 0
4 -2500 -2500 5000.1 0
5 -2500 -2500 5000.1 0
6 -2500 -2500 5000.1 0
7 -2500 -2500 5000.1 0
8 -2500 -2500 5000.1 0
9 -2500 -2500 5000.1 0
10 -2500 -2500 7500.1 0
11 -1570.8 -5000 1570.8 0

******
0.620000,-50.039435,0.000000,0.100000
0 0 0 1570.8 0
1 -5000 -1570.8 7500.1 0
2 -2500 -2500 5000.1 0
3 -2500 -2500 5000.1 0
4 -2500 -2500 5000.1 0
5 -2500 -2500 5000.1 0
6 -2500 -2500 5000.1 0
7 -2500 -2500 5000.1 0
8 -2500 -2500 5000.1 0
9 -2500 -2500 5000.1 0
10 -2500 -2500 7500.1 0
11 -1570.8 -5000 1570.8 0

******
0.630000,-50.039435,0.000000,0.100000
0 0 0 1570.8 0
1 -5000 -1570.8 7500.1 0
2 -2500 -2500 5000.1 0
3 -2500 -2500 5000.1 0
4 -2500 -2500 5000.1 0
5 -2500 -2500 5000.1 0
6 -2500 -2500 5000.1 0
7 -2500 -2500 5000.1 0
8 -2500 -2500 5000.1 0
9 -2500 -2500 5000.1 0
10 -2500 -2500 7500.1 0
11 -1570.8 -5000 1570.8 0

******
0.640000,-50.039435,0.000000,0.100000
0 0 0 1570.8 0
1 -5000 -1570.8 7500.1 0
2 -2500 -2500 5000.1 0
3 -2500 -2500 5000.1 0
4 -2500 -2500 5000.1 0
5 -2500 -2500 5000.1 0
6 -2500 -2500 5000.1 0
7 -2500 -2500 5000.1 0
8 -2500 -2500 5000.1 0
9 -2500 -2500 5000.1 0
10 -2500 -2500 7500.1 0
11 -1570.8 -5000 1570.8 0

******
0.650000,-50.039435,0.000000,0.100000
0 0 0 1570.8 0
1 -5000 -1570.8 7500.1 0
2 -2500 -2500 5000.1 0
3 -2500 -2500 5000.1 0
4 -2500 -2500 5000.1 0
5 -2500 -2500 5000.1 0
6 -2500 -2500 5000.1 0
7 -2500 -2500 5000.1 0
8 -2500 -2500 5000.1 0
9 -2500 -2500 5000.1 0
10 -2500 -2500 7500.1 0
11 -1570.8 -5000 1570.8 0

******
0.660000,-50.039435,0.000000,0.100000
0 0 0 1570.8 0
1 -5000 -1570.8 7500.1 0
2 -2500 -2500 5000.1 0
3 -2500 -2500 5000.1 0
4 -2500 -2500 5000.1 0
5 -2500 -2500 5000.1 0
6 -2500 -2500 5000.1 0
7 -2500 -2500 5000.1 0
8 -2500 -2500 5000.1 0
9 -2500 -2500 5000.1 0
10 -2500 -2500 7500.1 0
11 -1570.8 -5000 1570.8 0

******
0.670000,-50.039435,0.000000,0.100000
0 0 0 1570.8 0
1 -5000 -1570.8 7500.1 0
2 -2500 -2500 5000.1 0
3 -2500 -2500 5000.1 0
4 -2500 -2500 5000.1 0
5 -2500 -2500 5000.1 0
6 -2500 -2500 5000.1 0
7 -2500 -2500 5000.1 0
8 -2500 -2500 5000.1 0
9 -2500 -2500 5000.1 0
10 -2500 -2500 7500.1 0
11 -1570.8 -5000 1570.8 0

******
0.680000,-50.039435,0.000000,0.100000
0 0 0 1570.8 0
1 -5000 -1570.8 7500.1 0
2 -2500 -2500 5000.1 0
3 -2500 -2500 5000.1 0
4 -2500 -2500 5000.1 0
5 -2500 -2500 5000.1 0
6 -2500 -2500 5000.1 0
7 -2500 -2500 5000.1 0
8 -2500 -2500 5000.1 0
9 -2500 -2500 5000.1 0
10 -2500 -2500 7500.1 0
11 -1570.8 -5000 1570.8 0

******
0.690000,-50.039435,0.000000,0.100000
0 0 0 1570.8 0
1 -5000 -1570.8 7500.1 0
2 -2500 -2500 5000.1 0
3 -2500 -2500 5000.1 0
4 -2500 -2500 5000.1 0
5 -2500 -2500 5000.1 0
6 -2500 -2500 5000.1 0.31831
7 -2500 -2500 5000.1 0
8 -2500 -2500 5000.1 0
9 -2500 -2500 5000.1 0
10 -2500 -2500 7500.1 0
11 -1570.8 -5000 1570.8 0

******
0.700000,-50.039435,0.000000,0.100000
0 0 0 1570.8 0
1 -5000 -1570.8 7500.1 0.0318227
2 -2500 -2500 5000.1 0.031824
3 -2500 -2500 5000.1 0.0318265
4 -2500 -2500 5000.1 0.0318304
5 -2500 -2500 5000.1 0.0318354
6 -2500 -2500 5000.1 0.0318418
7 -2500 -2500 5000.1 0.0318367
8 -2500 -2500 5000.1 0.0318329
9 -2500 -2500 5000.1 0.0318304
10 -2500 -2500 7500.1 0.0318291
11 -1570.8 -5000 1570.8 0

******
0.710000,-49.721017,0.031842,0.100000
0 0 0 1570.8 0
1 -5000 -1570.8 7500.1 0.031831
2 -2500 -2500 5000.1 0.031831
3 -2500 -2500 5000.1 0.031831
4 -2500 -2500 5000.1 0.031831
5 -2500 -2500 5000.1 0.031831
6 -2500 -2500 5000.1 0.031831
7 -2500 -2500 5000.1 0.031831
8 -2500 -2500 5000.1 0.031831
9 -2500 -2500 5000.1 0.031831
10 -2500 -2500 7500.1 0.031831
11 -1570.8 -5000 1570.8 0

******
0.720000,-49.402707,0.031831,0.100000
0 0 0 1570.8 0
1 -5000 -1570.8 7500.1 0.031831
2 -2500 -2500 5000.1 0.031831
3 -2500 -2500 5000.1 0.031831
4 -2500 -2500 5000.1 0.031831
5 -2500 -2500 5000.1 0.031831
6 -2500 -2500 5000.1 0.031831
7 -2500 -2500 5000.1 0.031831
8 -2500 -2500 5000.1 0.031831
9 -2500 -2500 5000.1 0.031831
10 -2500 -2500 7500.1 0.031831
11 -1570.8 -5000 1570.8 0

******
0.730000,-49.084397,0.031831,0.100000
0 0 0 1570.8 0
1 -5000 -1570.8 7500.1 0.031831
2 -2500 -2500 5000.1 0.031831
3 -2500 -2500 5000.1 0.031831
4 -2500 -2500 5000.1 0.031831
5 -2500 -2500 5000.1 0.031831
6 -2500 -2500 5000.1 0.031831
7 -2500 -2500 5000.1 0.031831
8 -2500 -2500 5000.1 0.031831
9 -2500 -2500 5000.1 0.031831
10 -2500 -2500 7500.1 0.031831
11 -1570.8 -5000 1570.8 0

******
0.740000,-48.766088,0.031831,0.100000
0 0 0 1570.8 0
1 -5000 -1570.8 7500.1 0.031831
2 -2500 -2500 5000.1 0.031831
3 -2500 -2500 5000.1 0.031831
4 -2500 -2500 5000.1 0.031831
5 -2500 -2500 5000.1 0.031831
6 -2500 -2500 5000.1 0.031831
7 -2500 -2500 5000.1 0.031831
8 -2500 -2500 5000.1 0.031831
9 -2500 -2500 5000.1 0.031831
10 -2500 -2500 7500.1 0.031831
11 -1570.8 -5000 1570.8 0

******
0.750000,-48.447778,0.031831,0.100000
0 0 0 1570.8 0
1 -5000 -1570.8 7500.1 0.031831
2 -2500 -2500 5000.1 0.031831
3 -2500 -2500 5000.1 0.031831
4 -2500 -2500 5000.1 0.031831
5 -2500 -2500 5000.1 0.031831
6 -2500 -2500 5000.1 0.031831
7 -2500 -2500 5000.1 0.031831
8 -2500 -2500 5000.1 0.031831
9 -2500 -2500 5000.1 0.031831
10 -2500 -2500 7500.1 0.031831
11 -1570.8 -5000 1570.8 0

******
0.760000,-48.129468,0.031831,0.100000
0 0 0 1570.8 0
1 -5000 -1570.8 7500.1 0.031831
2 -2500 -2500 5000.1 0.031831
3 -2500 -2500 5000.1 0.031831
4 -2500 -2500 5000.1 0.031831
5 -2500 -2500 5000.1 0.031831
6 -2500 -2500 5000.1 0.031831
7 -2500 -2500 5000.1 0.031831
8 -2500 -2500 5000.1 0.031831
9 -2500 -2500 5000.1 0.031831
10 -2500 -2500 7500.1 0.031831
11 -1570.8 -5000 1570.8 0

******
0.770000,-47.811158,0.031831,0.100000
0 0 0 1570.8 0
1 -5000 -1570.8 7500.1 0.031831
2 -2500 -2500 5000.1 0.031831
3 -2500 -2500 5000.1 0.031831
4 -2500 -2500 5000.1 0.031831
5 -2500 -2500 5000.1 0.031831
6 -2500 -2500 5000.1 0.031831
7 -2500 -2500 5000.1 0.031831
8 -2500 -2500 5000.1 0.031831
9 -2500 -2500 5000.1 0.031831
10 -2500 -2500 7500.1 0.031831
11 -1570.8 -5000 1570.8 0

******
0.780000,-47.492848,0.031831,0.100000
0 0 0 1570.8 0
1 -5000 -1570.8 7500.1 0.031831
2 -2500 -2500 5000.1 0.031831
3 -2500 -2500 5000.1 0.031831
4 -2500 -2500 5000.1 0.031831
5 -2500 -2500 5000.1 0.031831
6 -2500 -2500 5000.1 0.031831
7 -2500 -2500 5000.1 0.031831
8 -2500 -2500 5000.1 0.031831
9 -2500 -2500 5000.1 0.031831
10 -2500 -2500 7500.1 0.031831
11 -1570.8 -5000 1570.8 0

******
0.790000,-47.174538,0.031831,0.100000
0 0 0 1570.8 0
1 -5000 -1570.8 7500.1 0.031831
2 -2500 -2500 5000.1 0.031831
3 -2500 -2500 5000.1 0.031831
4 -2500 -2500 5000.1 0.031831
5 -2500 -2500 5000.1 0.031831
6 -2500 -2500 5000.1 0.031831
7 -2500 -2500 5000.1 0.031831
8 -2500 -2500 5000.1 0.031831
9 -2500 -2500 5000.1 0.031831
10 -2500 -2500 7500.1 0.031831
11 -1570.8 -5000 1570.8 0

******
0.800000,-46.856228,0.031831,0.100000
0 0 0 1570.8 0
1 -5000 -1570.8 7500.1 0.031831
2 -2500 -2500 5000.1 0.031831
3 -2500 -2500 5000.1 0.031831
4 -2500 -2500 5000.1 0.031831
5 -2500 -2500 5000.1 0.031831
6 -2500 -2500 5000.1 0.031831
7 -2500 -2500 5000.1 0.031831
8 -2500 -2500 5000.1 0.031831
9 -2500 -2500 5000.1 0.031831
10 -2500 -2500 7500.1 0.031831
11 -1570.8 -5000 1570.8 0

******
0.810000,-46.537918,0.031831,0.100000
0 0 0 1570.8 0
1 -5000 -1570.8 7500.1 0.031831
2 -2500 -2500 5000.1 0.031831
3 -2500 -2500 5000.1 0.031831
4 -2500 -2500 5000.1 0.031831
5 -2500 -2500 5000.1 0.031831
6 -2500 -2500 5000.1 0.031831
7 -2500 -2500 5000.1 0.031831
8 -2500 -2500 5000.1 0.031831
9 -2500 -2500 5000.1 0.031831
10 -2500 -2500 7500.1 0.031831
11 -1570.8 -5000 1570.8 0

******
0.820000,-46.219608,0.031831,0.100000
0 0 0 1570.8 0
1 -5000 -1570.8 7500.1 0.031831
2 -2500 -2500 5000.1 0.031831
3 -2500 -2500 5000.1 0.031831
4 -2500 -2500 5000.1 0.031831
5 -2500 -2500 5000.1 0.031831
6 -2500 -2500 5000.1 0.031831
7 -2500 -2500 5000.1 0.031831
8 -2500 -2500 5000.1 0.031831
9 -2500 -2500 5000.1 0.031831
10 -2500 -2500 7500.1 0.031831
11 -1570.8 -5000 1570.8 0

******
0.830000,-45.901299,0.031831,0.100000
0 0 0 1570.8 0
1 -5000 -1570.8 7500.1 0.031831
2 -2500 -2500 5000.1 0.031831
3 -2500 -2500 5000.1 0.031831
4 -2500 -2500 5000.1 0.031831
5 -2500 -2500 5000.1 0.031831
6 -2500 -2500 5000.1 0.031831
7 -2500 -2500 5000.1 0.031831
8 -2500 -2500 5000.1 0.031831
9 -2500 -2500 5000.1 0.031831
10 -2500 -2500 7500.1 0.031831
11 -1570.8 -5000 1570.8 0

******
0.840000,-45.582989,0.031831,0.100000
0 0 0 1570.8 0
1 -5000 -1570.8 7500.1 0.031831
2 -2500 -2500 5000.1 0.031831
3 -2500 -2500 5000.1 0.031831
4 -2500 -2500 5000.1 0.031831
5 -2500 -2500 5000.1 0.031831
6 -2500 -2500 5000.1 0.031831
7 -2500 -2500 5000.1 0.031831
8 -2500 -2500 5000.1 0.031831
9 -2500 -2500 5000.1 0.031831
10 -2500 -2500 7500.1 0.031831
11 -1570.8 -5000 1570.8 0

******
0.850000,-45.264679,0.031831,0.100000
0 0 0 1570.8 0
1 -5000 -1570.8 7500.1 0.031831
2 -2500 -2500 5000.1 0.031831
3 -2500 -2500 5000.1 0.031831
4 -2500 -2500 5000.1 0.031831
5 -2500 -2500 5000.1 0.031831
6 -2500 -2500 5000.1 0.031831
7 -2500 -2500 5000.1 0.031831
8 -2500 -2500 5000.1 0.031831
9 -2500 -2500 5000.1 0.031831
10 -2500 -2500 7500.1 0.031831
11 -1570.8 -5000 1570.8 0

******
0.860000,-44.946369,0.031831,0.100000
0 0 0 1570.8 0
1 -5000 -1570.8 7500.1 0.031831
2 -2500 -2500 5000.1 0.031831
3 -2500 -2500 5000.1 0.031831
4 -2500 -2500 5000.1 0.031831
5 -2500 -2500 5000.1 0.031831
6 -2500 -2500 5000.1 0.031831
7 -2500 -2500 5000.1 0.031831
8 -2500 -2500 5000.1 0.031831
9 -2500 -2500 5000.1 0.031831
10 -2500 -2500 7500.1 0.031831
11 -1570.8 -5000 1570.8 0

******
0.870000,-44.628059,0.031831,0.100000
0 0 0 1570.8 0
1 -5000 -1570.8 7500.1 0.031831
2 -2500 -2500 5000.1 0.031831
3 -2500 -2500 5000.1 0.031831
4 -2500 -2500 5000.1 0.031831
5 -2500 -2500 5000.1 0.031831
6 -2500 -2500 5000.1 0.031831
7 -2500 -2500 5000.1 0.031831
8 -2500 -2500 5000.1 0.031831
9 -2500 -2500 5000.1 0.031831
10 -2500 -2500 7500.1 0.031831
11 -1570.8 -5000 1570.8 0

******
0.880000,-44.309749,0.031831,0.100000
0 0 0 1570.8 0
1 -5000 -1570.8 7500.1 0.031831
2 -2500 -2500 5000.1 0.031831
3 -2500 -2500 5000.1 0.031831
4 -2500 -2500 5000.1 0.031831
5 -2500 -2500 5000.1 0.031831
6 -2500 -2500 5000.1 0.031831
7 -2500 -2500 5000.1 0.031831
8 -2500 -2500 5000.1 0.031831
9 -2500 -2500 5000.1 0.031831
10 -2500 -2500 7500.1 0.031831
11 -1570.8 -5000 1570.8 0

******
0.890000,-43.991439,0.031831,0.100000
0 0 0 1570.8 0
1 -5000 -1570.8 7500.1 0.031831
2 -2500 -2500 5000.1 0.031831
3 -2500 -2500 5000.1 0.031831
4 -2500 -2500 5000.1 0.031831
5 -2500 -2500 5000.1 0.031831
6 -2500 -2500 5000.1 0.031831
7 -2500 -2500 5000.1 0.031831
8 -2500 -2500 5000.1 0.031831
9 -2500 -2500 5000.1 0.031831
10 -2500 -2500 7500.1 0.031831
11 -1570.8 -5000 1570.8 0

******
0.900000,-43.673129,0.031831,0.100000
0 0 0 1570.8 0
1 -5000 -1570.8 7500.1 0.031831
2 -2500 -2500 5000.1 0.031831
3 -2500 -2500 5000.1 0.031831
4 -2500 -2500 5000.1 0.031831
5 -2500 -2500 5000.1 0.031831
6 -2500 -2500 5000.1 0.031831
7 -2500 -2500 5000.1 0.031831
8 -2500 -2500 5000.1 0.031831
9 -2500 -2500 5000.1 0.031831
10 -2500 -2500 7500.1 0.031831
11 -1570.8 -5000 1570.8 0

******
0.910000,-43.354820,0.031831,0.100000
0 0 0 1570.8 0
1 -5000 -1570.8 7500.1 0.031831
2 -2500 -2500 5000.1 0.031831
3 -2500 -2500 5000.1 0.031831
4 -2500 -2500 5000.1 0.031831
5 -2500 -2500 5000.1 0.031831
6 -2500 -2500 5000.1 0.031831
7 -2500 -2500 5000.1 0.031831
8 -2500 -2500 5000.1 0.031831
9 -2500 -2500 5000.1 0.031831
10 -2500 -2500 7500.1 0.031831
11 -1570.8 -5000 1570.8 0

******
0.920000,-43.036510,0.031831,0.100000
0 0 0 1570.8 0
1 -5000 -1570.8 7500.1 0.031831
2 -2500 -2500 5000.1 0.031831
3 -2500 -2500 5000.1 0.031831
4 -2500 -2500 5000.1 0.031831
5 -2500 -2500 5000.1 0.031831
6 -2500 -2500 5000.1 0.031831
7 -2500 -2500 5000.1 0.031831
8 -2500 -2500 5000.1 0.031831
9 -2500 -2500 5000.1 0.031831
10 -2500 -2500 7500.1 0.031831
11 -1570.8 -5000 1570.8 0

******
0.930000,-42.718200,0.031831,0.100000
0 0 0 1570.8 0
1 -5000 -1570.8 7500.1 0.031831
2 -2500 -2500 5000.1 0.031831
3 -2500 -2500 5000.1 0.031831
4 -2500 -2500 5000.1 0.031831
5 -2500 -2500 5000.1 0.031831
6 -2500 -2500 5000.1 0.031831
7 -2500 -2500 5000.1 0.031831
8 -2500 -2500 5000.1 0.031831
9 -2500 -2500 5000.1 0.031831
10 -2500 -2500 7500.1 0.031831
11 -1570.8 -5000 1570.8 0

******
0.940000,-42.399890,0.031831,0.100000
0 0 0 1570.8 0
1 -5000 -1570.8 7500.1 0.031831
2 -2500 -2500 5000.1 0.031831
3 -2500 -2500 5000.1 0.031831
4 -2500 -2500 5000.1 0.031831
5 -2500 -2500 5000.1 0.031831
6 -2500 -2500 5000.1 0.031831
7 -2500 -2500 5000.1 0.031831
8 -2500 -2500 5000.1 0.031831
9 -2500 -2500 5000.1 0.031831
10 -2500 -2500 7500.1 0.031831
11 -1570.8 -5000 1570.8 0

******
0.950000,-42.081580,0.031831,0.100000
0 0 0 1570.8 0
1 -5000 -1570.8 7500.1 0.031831
2 -2500 -2500 5000.1 0.031831
3 -2500 -2500 5000.1 0.031831
4 -2500 -2500 5000.1 0.031831
5 -2500 -2500 5000.1 0.031831
6 -2500 -2500 5000.1 0.031831
7 -2500 -2500 5000.1 0.031831
8 -2500 -2500 5000.1 0.031831
9 -2500 -2500 5000.1 0.031831
10 -2500 -2500 7500.1 0.031831
11 -1570.8 -5000 1570.8 0

******
0.960000,-41.763270,0.031831,0.100000
0 0 0 1570.8 0
1 -5000 -1570.8 7500.1 0.031831
2 -2500 -2500 5000.1 0.031831
3 -2500 -2500 5000.1 0.031831
4 -2500 -2500 5000.1 0.031831
5 -2500 -2500 5000.1 0.031831
6 -2500 -2500 5000.1 0.031831
7 -2500 -2500 5000.1 0.031831
8 -2500 -2500 5000.1 0.031831
9 -2500 -2500 5000.1 0.031831
10 -2500 -2500 7500.1 0.031831
11 -1570.8 -5000 1570.8 0

******
0.970000,-41.444960,0.031831,0.100000
0 0 0 1570.8 0
1 -5000 -1570.8 7500.1 0.031831
2 -2500 -2500 5000.1 0.031831
3 -2500 -2500 5000.1 0.031831
4 -2500 -2500 5000.1 0.031831
5 -2500 -2500 5000.1 0.031831
6 -2500 -2500 5000.1 0.031831
7 -2500 -2500 5000.1 0.031831
8 -2500 -2500 5000.1 0.031831
9 -2500 -2500 5000.1 0.031831
10 -2500 -2500 7500.1 0.031831
11 -1570.8 -5000 1570.8 0

******
0.980000,-41.126650,0.031831,0.100000
0 0 0 1570.8 0
1 -5000 -1570.8 7500.1 0.031831
2 -2500 -2500 5000.1 0.031831
3 -2500 -2500 5000.1 0.031831
4 -2500 -2500 5000.1 0.031831
5 -2500 -2500 5000.1 0.031831
6 -2500 -2500 5000.1 0.031831
7 -2500 -2500 5000.1 0.031831
8 -2500 -2500 5000.1 0.031831
9 -2500 -2500 5000.1 0.031831
10 -2500 -2500 7500.1 0.031831
11 -1570.8 -5000 1570.8 0

******
0.990000,-40.808340,0.031831,0.100000
0 0 0 1570.8 0
1 -5000 -1570.8 7500.1 0.031831
2 -2500 -2500 5000.1 0.031831
3 -2500 -2500 5000.1 0.031831
4 -2500 -2500 5000.1 0.031831
5 -2500 -2500 5000.1 0.031831
6 -2500 -2500 5000.1 0.031831
7 -2500 -2500 5000.1 0.031831
8 -2500 -2500 5000.1 0.031831
9 -2500 -2500 5000.1 0.031831
10 -2500 -2500 7500.1 0.031831
11 -1570.8 -5000 1570.8 0

******
1.000000,-40.490031,0.031831,0.100000
0 0 0 1570.8 0
1 -5000 -1570.8 7500.1 0.031831
2 -2500 -2500 5000.1 0.031831
3 -2500 -2500 5000.1 0.031831
4 -2500 -2500 5000.1 0.031831
5 -2500 -2500 5000.1 0.031831
6 -2500 -2500 5000.1 0.031831
7 -2500 -2500 5000.1 0.031831
8 -2500 -2500 5000.1 0.031831
9 -2500 -2500 5000.1 0.031831
10 -2500 -2500 7500.1 0.031831
11 -1570.8 -5000 1570.8 0

******
1.010000,-40.171721,0.031831,0.100000
0 0 0 1570.8 0
1 -5000 -1570.8 7500.1 0.031831
2 -2500 -2500 5000.1 0.031831
3 -2500 -2500 5000.1 0.031831
4 -2500 -2500 5000.1 0.031831
5 -2500 -2500 5000.1 0.031831
6 -2500 -2500 5000.1 0.031831
7 -2500 -2500 5000.1 0.031831
8 -2500 -2500 5000.1 0.031831
9 -2500 -2500 5000.1 0.031831
10 -2500 -2500 7500.1 0.031831
11 -1570.8 -5000 1570.8 0

******
1.020000,-39.853411,0.031831,0.100000
0 0 0 1570.8 0
1 -5000 -1570.8 7500.1 0.031831
2 -2500 -2500 5000.1 0.031831
3 -2500 -2500 5000.1 0.031831
4 -2500 -2500 5000.1 0.031831
5 -2500 -2500 5000.1 0.031831
6 -2500 -2500 5000.1 0.031831
7 -2500 -2500 5000.1 0.031831
8 -2500 -2500 5000.1 0.031831
9 -2500 -2500 5000.1 0.031831
10 -2500 -2500 7500.1 0.031831
11 -1570.8 -5000 1570.8 0

******
1.030000,-39.535101,0.031831,0.100000
0 0 0 1570.8 0
1 -5000 -1570.8 7500.1 0.031831
2 -2500 -2500 5000.1 0.031831
3 -2500 -2500 5000.1 0.031831
4 -2500 -2500 5000.1 0.031831
5 -2500 -2500 5000.1 0.031831
6 -2500 -2500 5000.1 0.031831
7 -2500 -2500 5000.1 0.031831
8 -2500 -2500 5000.1 0.031831
9 -2500 -2500 5000.1 0.031831
10 -2500 -2500 7500.1 0.031831
11 -1570.8 -5000 1570.8 0

******
1.040000,-39.216791,0.031831,0.100000
0 0 0 1570.8 0
1 -5000 -1570.8 7500.1 0.031831
2 -2500 -2500 5000.1 0.031831
3 -2500 -2500 5000.1 0.031831
4 -2500 -2500 5000.1 0.031831
5 -2500 -2500 5000.1 0.031831
6 -2500 -2500 5000.1 0.031831
7 -2500 -2500 5000.1 0.031831
8 -2500 -2500 5000.1 0.031831
9 -2500 -2500 5000.1 0.031831
10 -2500 -2500 7500.1 0.031831
11 -1570.8 -5000 1570.8 0

******
1.050000,-38.898481,0.031831,0.100000
0 0 0 1570.8 0
1 -5000 -1570.8 7500.1 0.031831
2 -2500 -2500 5000.1 0.031831
3 -2500 -2500 5000.1 0.031831
4 -2500 -2500 5000.1 0.031831
5 -2500 -2500 5000.1 0.031831
6 -2500 -2500 5000.1 0.031831
7 -2500 -2500 5000.1 0.031831
8 -2500 -2500 5000.1 0.031831
9 -2500 -2500 5000.1 0.031831
10 -2500 -2500 7500.1 0.031831
11 -1570.8 -5000 1570.8 0

******
1.060000,-38.580171,0.031831,0.100000
0 0 0 1570.8 0
1 -5000 -1570.8 7500.1 0.031831
2 -2500 -2500 5000.1 0.031831
3 -2500 -2500 5000.1 0.031831
4 -2500 -2500 5000.1 0.031831
5 -2500 -2500 5000.1 0.031831
6 -2500 -2500 5000.1 0.031831
7 -2500 -2500 5000.1 0.031831
8 -2500 -2500 5000.1 0.031831
9 -2500 -2500 5000.1 0.031831
10 -2500 -2500 7500.1 0.031831
11 -1570.8 -5000 1570.8 0

******
1.070000,-38.261861,0.031831,0.100000
0 0 0 1570.8 0
1 -5000 -1570.8 7500.1 0.031831
2 -2500 -2500 5000.1 0.031831
3 -2500 -2500 5000.1 0.031831
4 -2500 -2500 5000.1 0.031831
5 -2500 -2500 5000.1 0.031831
6 -2500 -2500 5000.1 0.031831
7 -2500 -2500 5000.1 0.031831
8 -2500 -2500 5000.1 0.031831
9 -2500 -2500 5000.1 0.031831
10 -2500 -2500 7500.1 0.031831
11 -1570.8 -5000 1570.8 0

******
1.080000,-37.943551,0.031831,0.100000
0 0 0 1570.8 0
1 -5000 -1570.8 7500.1 0.031831
2 -2500 -2500 5000.1 0.031831
3 -2500 -2500 5000.1 0.031831
4 -2500 -2500 5000.1 0.031831
5 -2500 -2500 5000.1 0.031831
6 -2500 -2500 5000.1 0.031831
7 -2500 -2500 5000.1 0.031831
8 -2500 -2500 5000.1 0.031831
9 -2500 -2500 5000.1 0.031831
10 -2500 -2500 7500.1 0.031831
11 -1570.8 -5000 1570.8 0

******
1.090000,-37.625242,0.031831,0.100000
0 0 0 1570.8 0
1 -5000 -1570.8 7500.1 0.031831
2 -2500 -2500 5000.1 0.031831
3 -2500 -2500 5000.1 0.031831
4 -2500 -2500 5000.1 0.031831
5 -2500 -2500 5000.1 0.031831
6 -2500 -2500 5000.1 0.031831
7 -2500 -2500 5000.1 0.031831
8 -2500 -2500 5000.1 0.031831
9 -2500 -2500 5000.1 0.031831
10 -2500 -2500 7500.1 0.031831
11 -1570.8 -5000 1570.8 0

******
1.100000,-37.306932,0.031831,0.100000
0 0 0 1570.8 0
1 -5000 -1570.8 7500.1 0.031831
2 -2500 -2500 5000.1 0.031831
3 -2500 -2500 5000.1 0.031831
4 -2500 -2500 5000.1 0.031831
5 -2500 -2500 5000.1 0.031831
6 -2500 -2500 5000.1 0.031831
7 -2500 -2500 5000.1 0.031831
8 -2500 -2500 5000.1 0.031831
9 -2500 -2500 5000.1 0.031831
10 -2500 -2500 7500.1 0.031831
11 -1570.8 -5000 1570.8 0

******
1.110000,-36.988622,0.031831,0.100000
0 0 0 1570.8 0
1 -5000 -1570.8 7500.1 0.031831
2 -2500 -2500 5000.1 0.031831
3 -2500 -2500 5000.1 0.031831
4 -2500 -2500 5000.1 0.031831
5 -2500 -2500 5000.1 0.031831
6 -2500 -2500 5000.1 0.031831
7 -2500 -2500 5000.1 0.031831
8 -2500 -2500 5000.1 0.031831
9 -2500 -2500 5000.1 0.031831
10 -2500 -2500 7500.1 0.031831
11 -1570.8 -5000 1570.8 0

******
1.120000,-36.670312,0.031831,0.100000
0 0 0 1570.8 0
1 -5000 -1570.8 7500.1 0.031831
2 -2500 -2500 5000.1 0.031831
3 -2500 -2500 5000.1 0.031831
4 -2500 -2500 5000.1 0.031831
5 -2500 -2500 5000.1 0.031831
6 -2500 -2500 5000.1 0.031831
7 -2500 -2500 5000.1 0.031831
8 -2500 -2500 5000.1 0.031831
9 -2500 -2500 5000.1 0.031831
10 -2500 -2500 7500.1 0.031831
11 -1570.8 -5000 1570.8 0

******
1.130000,-36.352002,0.031831,0.100000
0 0 0 1570.8 0
1 -5000 -1570.8 7500.1 0.031831
2 -2500 -2500 5000.1 0.031831
3 -2500 -2500 5000.1 0.031831
4 -2500 -2500 5000.1 0.031831
5 -2500 -2500 5000.1 0.031831
6 -2500 -2500 5000.1 0.031831
7 -2500 -2500 5000.1 0.031831
8 -2500 -2500 5000.1 0.031831
9 -2500 -2500 5000.1 0.031831
10 -2500 -2500 7500.1 0.031831
11 -1570.8 -5000 1570.8 0

******
1.140000,-36.033692,0.031831,0.100000
0 0 0 1570.8 0
1 -5000 -1570.8 7500.1 0.031831
2 -2500 -2500 5000.1 0.031831
3 -2500 -2500 5000.1 0.031831
4 -2500 -2500 5000.1 0.031831
5 -2500 -2500 5000.1 0.031831
6 -2500 -2500 5000.1 0.031831
7 -2500 -2500 5000.1 0.031831
8 -2500 -2500 5000.1 0.031831
9 -2500 -2500 5000.1 0.031831
10 -2500 -2500 7500.1 0.031831
11 -1570.8 -5000 1570.8 0

******
1.150000,-35.715382,0.031831,0.100000
0 0 0 1570.8 0
1 -5000 -1570.8 7500.1 0.031831
2 -2500 -2500 5000.1 0.031831
3 -2500 -2500 5000.1 0.031831
4 -2500 -2500 5000.1 0.031831
5 -2500 -2500 5000.1 0.031831
6 -2500 -2500 5000.1 0.031831
7 -2500 -2500 5000.1 0.031831
8 -2500 -2500 5000.1 0.031831
9 -2500 -2500 5000.1 0.031831
10 -2500 -2500 7500.1 0.031831
11 -1570.8 -5000 1570.8 0

******
1.160000,-35.397072,0.031831,0.100000
0 0 0 1570.8 0
1 -5000 -1570.8 7500.1 0.031831
2 -2500 -2500 5000.1 0.031831
3 -2500 -2500 5000.1 0.031831
4 -2500 -2500 5000.1 0.031831
5 -2500 -2500 5000.1 0.031831
6 -2500 -2500 5000.1 0.031831
7 -2500 -2500 5000.1 0.031831
8 -2500 -2500 5000.1 0.031831
9 -2500 -2500 5000.1 0.031831
10 -2500 -2500 7500.1 0.031831
11 -1570.8 -5000 1570.8 0

******
1.170000,-35.078762,0.031831,0.100000
0 0 0 1570.8 0
1 -5000 -1570.8 7500.1 0.031831
2 -2500 -2500 5000.1 0.031831
3 -2500 -2500 5000.1 0.031831
4 -2500 -2500 5000.1 0.031831
5 -2500 -2500 5000.1 0.031831
6 -2500 -2500 5000.1 0.031831
7 -2500 -2500 5000.1 0.031831
8 -2500 -2500 5000.1 0.031831
9 -2500 -2500 5000.1 0.031831
10 -2500 -2500 7500.1 0.031831
11 -1570.8 -5000 1570.8 0

******
1.180000,-34.760453,0.031831,0.100000
0 0 0 1570.8 0
1 -5000 -1570.8 7500.1 0.031831
2 -2500 -2500 5000.1 0.031831
3 -2500 -2500 5000.1 0.031831
4 -2500 -2500 5000.1 0.031831
5 -2500 -2500 5000.1 0.031831
6 -2500 -2500 5000.1 0.031831
7 -2500 -2500 5000.1 0.031831
8 -2500 -2500 5000.1 0.031831
9 -2500 -2500 5000.1 0.031831
10 -2500 -2500 7500.1 0.031831
11 -1570.8 -5000 1570.8 0

******
1.190000,-34.442143,0.031831,0.100000
0 0 0 1570.8 0
1 -5000 -1570.8 7500.1 0.031831
2 -2500 -2500 5000.1 0.031831
3 -2500 -2500 5000.1 0.031831
4 -2500 -2500 5000.1 0.031831
5 -2500 -2500 5000.1 0.031831
6 -2500 -2500 5000.1 0.031831
7 -2500 -2500 5000.1 0.031831
8 -2500 -2500 5000.1 0.031831
9 -2500 -2500 5000.1 0.031831
10 -2500 -2500 7500.1 0.031831
11 -1570.8 -5000 1570.8 0

******
1.200000,-34.123833,0.031831,0.100000
0 0 0 1570.8 0
1 -5000 -1570.8 7500.1 8.27386e-06
2 -2500 -2500 5000.1 7.00096e-06
3 -2500 -2500 5000.1 4.45509e-06
4 -2500 -2500 5000.1 6.36167e-07
5 -2500 -2500 5000.1 -4.45599e-06
6 -2500 -2500 5000.1 -1.08215e-05
7 -2500 -2500 5000.1 -5.72838e-06
8 -2500 -2500 5000.1 -1.90868e-06
9 -2500 -2500 5000.1 6.37659e-07
10 -2500 -2500 7500.1 1.91086e-06
11 -1570.8 -5000 1570.8 0

******
1.210000,-34.123941,-0.000011,0.100000
0 0 0 1570.8 0
1 -5000 -1570.8 7500.1 2.20268e-09
2 -2500 -2500 5000.1 1.84741e-09
3 -2500 -2500 5000.1 1.24345e-09
4 -2500 -2500 5000.1 4.61853e-10
5 -2500 -2500 5000.1 -3.37508e-10
6 -2500 -2500 5000.1 -1.01252e-09
7 -2500 -2500 5000.1 -1.1724e-09
8 -2500 -2500 5000.1 -1.1724e-09
9 -2500 -2500 5000.1 -1.08358e-09
10 -2500 -2500 7500.1 -9.76996e-10
11 -1570.8 -5000 1570.8 0

******
1.220000,-34.123941,-0.000000,0.100000
0 0 0 1570.8 0
1 -5000 -1570.8 7500.1 0
2 -2500 -2500 5000.1 0
3 -2500 -2500 5000.1 0
4 -2500 -2500 5000.1 0
5 -2500 -2500 5000.1 0
6 -2500 -2500 5000.1 0
7 -2500 -2500 5000.1 0
8 -2500 -2500 5000.1 0
9 -2500 -2500 5000.1 0
10 -2500 -2500 7500.1 0
11 -1570.8 -5000 1570.8 0

******
1.230000,-34.123941,-0.000000,0.100000
0 0 0 1570.8 0
1 -5000 -1570.8 7500.1 0
2 -2500 -2500 5000.1 0
3 -2500 -2500 5000.1 0
4 -2500 -2500 5000.1 0
5 -2500 -2500 5000.1 0
6 -2500 -2500 5000.1 0
7 -2500 -2500 5000.1 0
8 -2500 -2500 5000.1 0
9 -2500 -2500 5000.1 0
10 -2500 -2500 7500.1 0
11 -1570.8 -5000 1570.8 0

******
1.240000,-34.123941,0.000000,0.100000
0 0 0 1570.8 0
1 -5000 -1570.8 7500.1 0
2 -2500 -2500 5000.1 0
3 -2500 -2500 5000.1 0
4 -2500 -2500 5000.1 0
5 -2500 -2500 5000.1 0
6 -2500 -2500 5000.1 0
7 -2500 -2500 5000.1 0
8 -2500 -2500 5000.1 0
9 -2500 -2500 5000.1 0
10 -2500 -2500 7500.1 0
11 -1570.8 -5000 1570.8 0

******
1.250000,-34.123941,0.000000,0.100000
0 0 0 1570.8 0
1 -5000 -1570.8 7500.1 0
2 -2500 -2500 5000.1 0
3 -2500 -2500 5000.1 0
4 -2500 -2500 5000.1 0
5 -2500 -2500 5000.1 0
6 -2500 -2500 5000.1 0
7 -2500 -2500 5000.1 0
8 -2500 -2500 5000.1 0
9 -2500 -2500 5000.1 0
10 -2500 -2500 7500.1 0
11 -1570.8 -5000 1570.8 0

******
1.260000,-34.123941,0.000000,0.100000
0 0 0 1570.8 0
1 -5000 -1570.8 7500.1 0
2 -2500 -2500 5000.1 0
3 -2500 -2500 5000.1 0
4 -2500 -2500 5000.1 0
5 -2500 -2500 5000.1 0
6 -2500 -2500 5000.1 0
7 -2500 -2500 5000.1 0
8 -2500 -2500 5000.1 0
9 -2500 -2500 5000.1 0
10 -2500 -2500 7500.1 0
11 -1570.8 -5000 1570.8 0

******
1.270000,-34.123941,0.000000,0.100000
0 0 0 1570.8 0
1 -5000 -1570.8 7500.1 0
2 -2500 -2500 5000.1 0
3 -2500 -2500 5000.1 0
4 -2500 -2500 5000.1 0
5 -2500 -2500 5000.1 0
6 -2500 -2500 5000.1 0
7 -2500 -2500 5000.1 0
8 -2500 -2500 5000.1 0
9 -2500 -2500 5000.1 0
10 -2500 -2500 7500.1 0
11 -1570.8 -5000 1570.8 0

******
1.280000,-34.123941,0.000000,0.100000
0 0 0 1570.8 0
1 -5000 -1570.8 7500.1 0
2 -2500 -2500 5000.1 0
3 -2500 -2500 5000.1 0
4 -2500 -2500 5000.1 0
5 -2500 -2500 5000.1 0
6 -2500 -2500 5000.1 0
7 -2500 -2500 5000.1 0
8 -2500 -2500 5000.1 0
9 -2500 -2500 5000.1 0
10 -2500 -2500 7500.1 0
11 -1570.8 -5000 1570.8 0

******
1.290000,-34.123941,0.000000,0.100000
0 0 0 1570.8 0
1 -5000 -1570.8 7500.1 0
2 -2500 -2500 5000.1 0
3 -2500 -2500 5000.1 0
4 -2500 -2500 5000.1 0
5 -2500 -2500 5000.1 0
6 -2500 -2500 5000.1 0
7 -2500 -2500 5000.1 0
8 -2500 -2500 5000.1 0
9 -2500 -2500 5000.1 0
10 -2500 -2500 7500.1 0
11 -1570.8 -5000 1570.8 0

******
1.300000,-34.123941,0.000000,0.100000
0 0 0 1570.8 0
1 -5000 -1570.8 7500.1 0
2 -2500 -2500 5000.1 0
3 -2500 -2500 5000.1 0
4 -2500 -2500 5000.1 0
5 -2500 -2500 5000.1 0
6 -2500 -2500 5000.1 0
7 -2500 -2500 5000.1 0
8 -2500 -2500 5000.1 0
9 -2500 -2500 5000.1 0
10 -2500 -2500 7500.1 0
11 -1570.8 -5000 1570.8 0

******
1.310000,-34.123941,0.000000,0.100000
0 0 0 1570.8 0
1 -5000 -1570.8 7500.1 0
2 -2500 -2500 5000.1 0
3 -2500 -2500 5000.1 0
4 -2500 -2500 5000.1 0
5 -2500 -2500 5000.1 0
6 -2500 -2500 5000.1 0
7 -2500 -2500 5000.1 0
8 -2500 -2500 5000.1 0
9 -2500 -2500 5000.1 0
10 -2500 -2500 7500.1 0
11 -1570.8 -5000 1570.8 0

******
1.320000,-34.123941,0.000000,0.100000
0 0 0 1570.8 0
1 -5000 -1570.8 7500.1 0
2 -2500 -2500 5000.1 0
3 -2500 -2500 5000.1 0
4 -2500 -2500 5000.1 0
5 -2500 -2500 5000.1 0
6 -2500 -2500 5000.1 0
7 -2500 -2500 5000.1 0
8 -2500 -2500 5000.1 0
9 -2500 -2500 5000.1 0
10 -2500 -2500 7500.1 0
11 -1570.8 -5000 1570.8 0

******
1.330000,-34.123941,0.000000,0.100000
0 0 0 1570.8 0
1 -5000 -1570.8 7500.1 0
2 -2500 -2500 5000.1 0
3 -2500 -2500 5000.1 0
4 -2500 -2500 5000.1 0
5 -2500 -2500 5000.1 0
6 -2500 -2500 5000.1 0
7 -2500 -2500 5000.1 0
8 -2500 -2500 5000.1 0
9 -2500 -2500 5000.1 0
10 -2500 -2500 7500.1 0
11 -1570.8 -5000 1570.8 0

******
1.340000,-34.123941,0.000000,0.100000
0 0 0 1570.8 0
1 -5000 -1570.8 7500.1 0
2 -2500 -2500 5000.1 0
3 -2500 -2500 5000.1 0
4 -2500 -2500 5000.1 0
5 -2500 -2500 5000.1 0
6 -2500 -2500 5000.1 0
7 -2500 -2500 5000.1 0
8 -2500 -2500 5000.1 0
9 -2500 -2500 5000.1 0
10 -2500 -2500 7500.1 0
11 -1570.8 -5000 1570.8 0

******
1.350000,-34.123941,0.000000,0.100000
0 0 0 1570.8 0
1 -5000 -1570.8 7500.1 0
2 -2500 -2500 5000.1 0
3 -2500 -2500 5000.1 0
4 -2500 -2500 5000.1 0
5 -2500 -2500 5000.1 0
6 -2500 -2500 5000.1 0
7 -2500 -2500 5000.1 0
8 -2500 -2500 5000.1 0
9 -2500 -2500 5000.1 0
10 -2500 -2500 7500.1 0
11 -1570.8 -5000 1570.8 0

******
1.360000,-34.123941,0.000000,0.100000
0 0 0 1570.8 0
1 -5000 -1570.8 7500.1 0
2 -2500 -2500 5000.1 0
3 -2500 -2500 5000.1 0
4 -2500 -2500 5000.1 0
5 -2500 -2500 5000.1 0
6 -2500 -2500 5000.1 0
7 -2500 -2500 5000.1 0
8 -2500 -2500 5000.1 0
9 -2500 -2500 5000.1 0
10 -2500 -2500 7500.1 0
11 -1570.8 -5000 1570.8 0

******
1.370000,-34.123941,0.000000,0.100000
0 0 0 1570.8 0
1 -5000 -1570.8 7500.1 0
2 -2500 -2500 5000.1 0
3 -2500 -2500 5000.1 0
4 -2500 -2500 5000.1 0
5 -2500 -2500 5000.1 0
6 -2500 -2500 5000.1 0
7 -2500 -2500 5000.1 0
8 -2500 -2500 5000.1 0
9 -2500 -2500 5000.1 0
10 -2500 -2500 7500.1 0
11 -1570.8 -5000 1570.8 0

******
1.380000,-34.123941,0.000000,0.100000
0 0 0 1570.8 0
1 -5000 -1570.8 7500.1 0
2 -2500 -2500 5000.1 0
3 -2500 -2500 5000.1 0
4 -2500 -2500 5000.1 0
5 -2500 -2500 5000.1 0
6 -2500 -2500 5000.1 0
7 -2500 -2500 5000.1 0
8 -2500 -2500 5000.1 0
9 -2500 -2500 5000.1 0
10 -2500 -2500 7500.1 0
11 -1570.8 -5000 1570.8 0

******
1.390000,-34.123941,0.000000,0.100000
0 0 0 1570.8 0
1 -5000 -1570.8 7500.1 0
2 -2500 -2500 5000.1 0
3 -2500 -2500 5000.1 0
4 -2500 -2500 5000.1 0
5 -2500 -2500 5000.1 0
6 -2500 -2500 5000.1 0
7 -2500 -2500 5000.1 0
8 -2500 -2500 5000.1 0
9 -2500 -2500 5000.1 0
10 -2500 -2500 7500.1 0
11 -1570.8 -5000 1570.8 0

******
1.400000,-34.123941,0.000000,0.100000
0 0 0 1570.8 0
1 -5000 -1570.8 7500.1 0
2 -2500 -2500 5000.1 0
3 -2500 -2500 5000.1 0
4 -2500 -2500 5000.1 0
5 -2500 -2500 5000.1 0
6 -2500 -2500 5000.1 0
7 -2500 -2500 5000.1 0
8 -2500 -2500 5000.1 0
9 -2500 -2500 5000.1 0
10 -2500 -2500 7500.1 0
11 -1570.8 -5000 1570.8 0

******
1.410000,-34.123941,0.000000,0.100000
0 0 0 1570.8 0
1 -5000 -1570.8 7500.1 0
2 -2500 -2500 5000.1 0
3 -2500 -2500 5000.1 0
4 -2500 -2500 5000.1 0
5 -2500 -2500 5000.1 0
6 -2500 -2500 5000.1 0
7 -2500 -2500 5000.1 0
8 -2500 -2500 5000.1 0
9 -2500 -2500 5000.1 0
10 -2500 -2500 7500.1 0
11 -1570.8 -5000 1570.8 0

******
1.420000,-34.123941,0.000000,0.100000
0 0 0 1570.8 0
1 -5000 -1570.8 7500.1 0
2 -2500 -2500 5000.1 0
3 -2500 -2500 5000.1 0
4 -2500 -2500 5000.1 0
5 -2500 -2500 5000.1 0
6 -2500 -2500 5000.1 0
7 -2500 -2500 5000.1 0
8 -2500 -2500 5000.1 0
9 -2500 -2500 5000.1 0
10 -2500 -2500 7500.1 0
11 -1570.8 -5000 1570.8 0

******
1.430000,-34.123941,0.000000,0.100000
0 0 0 1570.8 0
1 -5000 -1570.8 7500.1 0
2 -2500 -2500 5000.1 0
3 -2500 -2500 5000.1 0
4 -2500 -2500 5000.1 0
5 -2500 -2500 5000.1 0
6 -2500 -2500 5000.1 0
7 -2500 -2500 5000.1 0
8 -2500 -2500 5000.1 0
9 -2500 -2500 5000.1 0
10 -2500 -2500 7500.1 0
11 -1570.8 -5000 1570.8 0

******
1.440000,-34.123941,0.000000,0.100000
0 0 0 1570.8 0
1 -5000 -1570.8 7500.1 0
2 -2500 -2500 5000.1 0
3 -2500 -2500 5000.1 0
4 -2500 -2500 5000.1 0
5 -2500 -2500 5000.1 0
6 -2500 -2500 5000.1 0
7 -2500 -2500 5000.1 0
8 -2500 -2500 5000.1 0
9 -2500 -2500 5000.1 0
10 -2500 -2500 7500.1 0
11 -1570.8 -5000 1570.8 0

******
1.450000,-34.123941,0.000000,0.100000
0 0 0 1570.8 0
1 -5000 -1570.8 7500.1 0
2 -2500 -2500 5000.1 0
3 -2500 -2500 5000.1 0
4 -2500 -2500 5000.1 0
5 -2500 -2500 5000.1 0
6 -2500 -2500 5000.1 0
7 -2500 -2500 5000.1 0
8 -2500 -2500 5000.1 0
9 -2500 -2500 5000.1 0
10 -2500 -2500 7500.1 0
11 -1570.8 -5000 1570.8 0

******
1.460000,-34.123941,0.000000,0.100000
0 0 0 1570.8 0
1 -5000 -1570.8 7500.1 0
2 -2500 -2500 5000.1 0
3 -2500 -2500 5000.1 0
4 -2500 -2500 5000.1 0
5 -2500 -2500 5000.1 0
6 -2500 -2500 5000.1 0
7 -2500 -2500 5000.1 0
8 -2500 -2500 5000.1 0
9 -2500 -2500 5000.1 0
10 -2500 -2500 7500.1 0
11 -1570.8 -5000 1570.8 0

******
1.470000,-34.123941,0.000000,0.100000
0 0 0 1570.8 0
1 -5000 -1570.8 7500.1 0
2 -2500 -2500 5000.1 0
3 -2500 -2500 5000.1 0
4 -2500 -2500 5000.1 0
5 -2500 -2500 5000.1 0
6 -2500 -2500 5000.1 0
7 -2500 -2500 5000.1 0
8 -2500 -2500 5000.1 0
9 -2500 -2500 5000.1 0
10 -2500 -2500 7500.1 0
11 -1570.8 -5000 1570.8 0

******
1.480000,-34.123941,0.000000,0.100000
0 0 0 1570.8 0
1 -5000 -1570.8 7500.1 0
2 -2500 -2500 5000.1 0
3 -2500 -2500 5000.1 0
4 -2500 -2500 5000.1 0
5 -2500 -2500 5000.1 0
6 -2500 -2500 5000.1 0
7 -2500 -2500 5000.1 0
8 -2500 -2500 5000.1 0
9 -2500 -2500 5000.1 0
10 -2500 -2500 7500.1 0
11 -1570.8 -5000 1570.8 0

******
1.490000,-34.123941,0.000000,0.100000
0 0 0 1570.8 0
1 -5000 -1570.8 7500.1 0
2 -2500 -2500 5000.1 0
3 -2500 -2500 5000.1 0
4 -2500 -2500 5000.1 0
5 -2500 -2500 5000.1 0
6 -2500 -2500 5000.1 0
7 -2500 -2500 5000.1 0
8 -2500 -2500 5000.1 0
9 -2500 -2500 5000.1 0
10 -2500 -2500 7500.1 0
11 -1570.8 -5000 1570.8 0

******
1.500000,-34.123941,0.000000,0.100000
0 0 0 1570.8 0
1 -5000 -1570.8 7500.1 0
2 -2500 -2500 5000.1 0
3 -2500 -2500 5000.1 0
4 -2500 -2500 5000.1 0
5 -2500 -2500 5000.1 0
6 -2500 -2500 5000.1 0
7 -2500 -2500 5000.1 0
8 -2500 -2500 5000.1 0
9 -2500 -2500 5000.1 0
10 -2500 -2500 7500.1 0
11 -1570.8 -5000 1570.8 0

******
1.510000,-34.123941,0.000000,0.100000
0 0 0 1570.8 0
1 -5000 -1570.8 7500.1 0
2 -2500 -2500 5000.1 0
3 -2500 -2500 5000.1 0
4 -2500 -2500 5000.1 0
5 -2500 -2500 5000.1 0
6 -2500 -2500 5000.1 0
7 -2500 -2500 5000.1 0
8 -2500 -2500 5000.1 0
9 -2500 -2500 5000.1 0
10 -2500 -2500 7500.1 0
11 -1570.8 -5000 1570.8 0

******
1.520000,-34.123941,0.000000,0.100000
0 0 0 1570.8 0
1 -5000 -1570.8 7500.1 0
2 -2500 -2500 5000.1 0
3 -2500 -2500 5000.1 0
4 -2500 -2500 5000.1 0
5 -2500 -2500 5000.1 0
6 -2500 -2500 5000.1 0
7 -2500 -2500 5000.1 0
8 -2500 -2500 5000.1 0
9 -2500 -2500 5000.1 0
10 -2500 -2500 7500.1 0
11 -1570.8 -5000 1570.8 0

******
1.530000,-34.123941,0.000000,0.100000
0 0 0 1570.8 0
1 -5000 -1570.8 7500.1 0
2 -2500 -2500 5000.1 0
3 -2500 -2500 5000.1 0
4 -2500 -2500 5000.1 0
5 -2500 -2500 5000.1 0
6 -2500 -2500 5000.1 0
7 -2500 -2500 5000.1 0
8 -2500 -2500 5000.1 0
9 -2500 -2500 5000.1 0
10 -2500 -2500 7500.1 0
11 -1570.8 -5000 1570.8 0

******
1.540000,-34.123941,0.000000,0.100000
0 0 0 1570.8 0
1 -5000 -1570.8 7500.1 0
2 -2500 -2500 5000.1 0
3 -2500 -2500 5000.1 0
4 -2500 -2500 5000.1 0
5 -2500 -2500 5000.1 0
6 -2500 -2500 5000.1 0
7 -2500 -2500 5000.1 0
8 -2500 -2500 5000.1 0
9 -2500 -2500 5000.1 0
10 -2500 -2500 7500.1 0
11 -1570.8 -5000 1570.8 0

******
1.550000,-34.123941,0.000000,0.100000
0 0 0 1570.8 0
1 -5000 -1570.8 7500.1 0
2 -2500 -2500 5000.1 0
3 -2500 -2500 5000.1 0
4 -2500 -2500 5000.1 0
5 -2500 -2500 5000.1 0
6 -2500 -2500 5000.1 0
7 -2500 -2500 5000.1 0
8 -2500 -2500 5000.1 0
9 -2500 -2500 5000.1 0
10 -2500 -2500 7500.1 0
11 -1570.8 -5000 1570.8 0

******
1.560000,-34.123941,0.000000,0.100000
0 0 0 1570.8 0
1 -5000 -1570.8 7500.1 0
2 -2500 -2500 5000.1 0
3 -2500 -2500 5000.1 0
4 -2500 -2500 5000.1 0
5 -2500 -2500 5000.1 0
6 -2500 -2500 5000.1 0
7 -2500 -2500 5000.1 0
8 -2500 -2500 5000.1 0
9 -2500 -2500 5000.1 0
10 -2500 -2500 7500.1 0
11 -1570.8 -5000 1570.8 0

******
1.570000,-34.123941,0.000000,0.100000
0 0 0 1570.8 0
1 -5000 -1570.8 7500.1 0
2 -2500 -2500 5000.1 0
3 -2500 -2500 5000.1 0
4 -2500 -2500 5000.1 0
5 -2500 -2500 5000.1 0
6 -2500 -2500 5000.1 0
7 -2500 -2500 5000.1 0
8 -2500 -2500 5000.1 0
9 -2500 -2500 5000.1 0
10 -2500 -2500 7500.1 0
11 -1570.8 -5000 1570.8 0

******
1.580000,-34.123941,0.000000,0.100000
0 0 0 1570.8 0
1 -5000 -1570.8 7500.1 0
2 -2500 -2500 5000.1 0
3 -2500 -2500 5000.1 0
4 -2500 -2500 5000.1 0
5 -2500 -2500 5000.1 0
6 -2500 -2500 5000.1 0
7 -2500 -2500 5000.1 0
8 -2500 -2500 5000.1 0
9 -2500 -2500 5000.1 0
10 -2500 -2500 7500.1 0
11 -1570.8 -5000 1570.8 0

******
1.590000,-34.123941,0.000000,0.100000
0 0 0 1570.8 0
1 -5000 -1570.8 7500.1 0
2 -2500 -2500 5000.1 0
3 -2500 -2500 5000.1 0
4 -2500 -2500 5000.1 0
5 -2500 -2500 5000.1 0
6 -2500 -2500 5000.1 0
7 -2500 -2500 5000.1 0
8 -2500 -2500 5000.1 0
9 -2500 -2500 5000.1 0
10 -2500 -2500 7500.1 0
11 -1570.8 -5000 1570.8 0

******
1.600000,-34.123941,0.000000,0.100000
0 0 0 1570.8 0
1 -5000 -1570.8 7500.1 0
2 -2500 -2500 5000.1 0
3 -2500 -2500 5000.1 0
4 -2500 -2500 5000.1 0
5 -2500 -2500 5000.1 0
6 -2500 -2500 5000.1 0
7 -2500 -2500 5000.1 0
8 -2500 -2500 5000.1 0
9 -2500 -2500 5000.1 0
10 -2500 -2500 7500.1 0
11 -1570.8 -5000 1570.8 0

******
1.610000,-34.123941,0.000000,0.100000
0 0 0 1570.8 0
1 -5000 -1570.8 7500.1 0
2 -2500 -2500 5000.1 0
3 -2500 -2500 5000.1 0
4 -2500 -2500 5000.1 0
5 -2500 -2500 5000.1 0
6 -2500 -2500 5000.1 0
7 -2500 -2500 5000.1 0
8 -2500 -2500 5000.1 0
9 -2500 -2500 5000.1 0
10 -2500 -2500 7500.1 0
11 -1570.8 -5000 1570.8 0

******
1.620000,-34.123941,0.000000,0.100000
0 0 0 1570.8 0
1 -5000 -1570.8 7500.1 0
2 -2500 -2500 5000.1 0
3 -2500 -2500 5000.1 0
4 -2500 -2500 5000.1 0
5 -2500 -2500 5000.1 0
6 -2500 -2500 5000.1 0
7 -2500 -2500 5000.1 0
8 -2500 -2500 5000.1 0
9 -2500 -2500 5000.1 0
10 -2500 -2500 7500.1 0
11 -1570.8 -5000 1570.8 0

******
1.630000,-34.123941,0.000000,0.100000
0 0 0 1570.8 0
1 -5000 -1570.8 7500.1 0
2 -2500 -2500 5000.1 0
3 -2500 -2500 5000.1 0
4 -2500 -2500 5000.1 0
5 -2500 -2500 5000.1 0
6 -2500 -2500 5000.1 0
7 -2500 -2500 5000.1 0
8 -2500 -2500 5000.1 0
9 -2500 -2500 5000.1 0
10 -2500 -2500 7500.1 0
11 -1570.8 -5000 1570.8 0

******
1.640000,-34.123941,0.000000,0.100000
0 0 0 1570.8 0
1 -5000 -1570.8 7500.1 0
2 -2500 -2500 5000.1 0
3 -2500 -2500 5000.1 0
4 -2500 -2500 5000.1 0
5 -2500 -2500 5000.1 0
6 -2500 -2500 5000.1 0
7 -2500 -2500 5000.1 0
8 -2500 -2500 5000.1 0
9 -2500 -2500 5000.1 0
10 -2500 -2500 7500.1 0
11 -1570.8 -5000 1570.8 0

******
1.650000,-34.123941,0.000000,0.100000
0 0 0 1570.8 0
1 -5000 -1570.8 7500.1 0
2 -2500 -2500 5000.1 0
3 -2500 -2500 5000.1 0
4 -2500 -2500 5000.1 0
5 -2500 -2500 5000.1 0
6 -2500 -2500 5000.1 0
7 -2500 -2500 5000.1 0
8 -2500 -2500 5000.1 0
9 -2500 -2500 5000.1 0
10 -2500 -2500 7500.1 0
11 -1570.8 -5000 1570.8 0

******
1.660000,-34.123941,0.000000,0.100000
0 0 0 1570.8 0
1 -5000 -1570.8 7500.1 0
2 -2500 -2500 5000.1 0
3 -2500 -2500 5000.1 0
4 -2500 -2500 5000.1 0
5 -2500 -2500 5000.1 0
6 -2500 -2500 5000.1 0
7 -2500 -2500 5000.1 0
8 -2500 -2500 5000.1 0
9 -2500 -2500 5000.1 0
10 -2500 -2500 7500.1 0
11 -1570.8 -5000 1570.8 0

******
1.670000,-34.123941,0.000000,0.100000
0 0 0 1570.8 0
1 -5000 -1570.8 7500.1 0
2 -2500 -2500 5000.1 0
3 -2500 -2500 5000.1 0
4 -2500 -2500 5000.1 0
5 -2500 -2500 5000.1 0
6 -2500 -2500 5000.1 0
7 -2500 -2500 5000.1 0
8 -2500 -2500 5000.1 0
9 -2500 -2500 5000.1 0
10 -2500 -2500 7500.1 0
11 -1570.8 -5000 1570.8 0

******
1.680000,-34.123941,0.000000,0.100000
0 0 0 1570.8 0
1 -5000 -1570.8 7500.1 0
2 -2500 -2500 5000.1 0
3 -2500 -2500 5000.1 0
4 -2500 -2500 5000.1 0
5 -2500 -2500 5000.1 0
6 -2500 -2500 5000.1 0
7 -2500 -2500 5000.1 0
8 -2500 -2500 5000.1 0
9 -2500 -2500 5000.1 0
10 -2500 -2500 7500.1 0
11 -1570.8 -5000 1570.8 0

******
1.690000,-34.123941,0.000000,0.100000
0 0 0 1570.8 0
1 -5000 -1570.8 7500.1 0
2 -2500 -2500 5000.1 0
3 -2500 -2500 5000.1 0
4 -2500 -2500 5000.1 0
5 -2500 -2500 5000.1 0
6 -2500 -2500 5000.1 0
7 -2500 -2500 5000.1 0
8 -2500 -2500 5000.1 0
9 -2500 -2500 5000.1 0
10 -2500 -2500 7500.1 0
11 -1570.8 -5000 1570.8 0

******
1.700000,-34.123941,0.000000,0.100000
0 0 0 1570.8 0
1 -5000 -1570.8 7500.1 0
2 -2500 -2500 5000.1 0
3 -2500 -2500 5000.1 0
4 -2500 -2500 5000.1 0
5 -2500 -2500 5000.1 0
6 -2500 -2500 5000.1 0
7 -2500 -2500 5000.1 0
8 -2500 -2500 5000.1 0
9 -2500 -2500 5000.1 0
10 -2500 -2500 7500.1 0
11 -1570.8 -5000 1570.8 0

******
1.710000,-34.123941,0.000000,0.100000
0 0 0 1570.8 0
1 -5000 -1570.8 7500.1 0
2 -2500 -2500 5000.1 0
3 -2500 -2500 5000.1 0
4 -2500 -2500 5000.1 0
5 -2500 -2500 5000.1 0
6 -2500 -2500 5000.1 0
7 -2500 -2500 5000.1 0
8 -2500 -2500 5000.1 0
9 -2500 -2500 5000.1 0
10 -2500 -2500 7500.1 0
11 -1570.8 -5000 1570.8 0

******
1.720000,-34.123941,0.000000,0.100000
0 0 0 1570.8 0
1 -5000 -1570.8 7500.1 0
2 -2500 -2500 5000.1 0
3 -2500 -2500 5000.1 0
4 -2500 -2500 5000.1 0
5 -2500 -2500 5000.1 0
6 -2500 -2500 5000.1 0
7 -2500 -2500 5000.1 0
8 -2500 -2500 5000.1 0
9 -2500 -2500 5000.1 0
10 -2500 -2500 7500.1 0
11 -1570.8 -5000 1570.8 0

******
1.730000,-34.123941,0.000000,0.100000
0 0 0 1570.8 0
1 -5000 -1570.8 7500.1 0
2 -2500 -2500 5000.1 0
3 -2500 -2500 5000.1 0
4 -2500 -2500 5000.1 0
5 -2500 -2500 5000.1 0
6 -2500 -2500 5000.1 0
7 -2500 -2500 5000.1 0
8 -2500 -2500 5000.1 0
9 -2500 -2500 5000.1 0
10 -2500 -2500 7500.1 0
11 -1570.8 -5000 1570.8 0

******
1.740000,-34.123941,0.000000,0.100000
0 0 0 1570.8 0
1 -5000 -1570.8 7500.1 0
2 -2500 -2500 5000.1 0
3 -2500 -2500 5000.1 0
4 -2500 -2500 5000.1 0
5 -2500 -2500 5000.1 0
6 -2500 -2500 5000.1 0
7 -2500 -2500 5000.1 0
8 -2500 -2500 5000.1 0
9 -2500 -2500 5000.1 0
10 -2500 -2500 7500.1 0
11 -1570.8 -5000 1570.8 0

******
1.750000,-34.123941,0.000000,0.100000
0 0 0 1570.8 0
1 -5000 -1570.8 7500.1 0
2 -2500 -2500 5000.1 0
3 -2500 -2500 5000.1 0
4 -2500 -2500 5000.1 0
5 -2500 -2500 5000.1 0
6 -2500 -2500 5000.1 0
7 -2500 -2500 5000.1 0
8 -2500 -2500 5000.1 0
9 -2500 -2500 5000.1 0
10 -2500 -2500 7500.1 0
11 -1570.8 -5000 1570.8 0

******
1.760000,-34.123941,0.000000,0.100000
0 0 0 1570.8 0
1 -5000 -1570.8 7500.1 0
2 -2500 -2500 5000.1 0
3 -2500 -2500 5000.1 0
4 -2500 -2500 5000.1 0
5 -2500 -2500 5000.1 0
6 -2500 -2500 5000.1 0
7 -2500 -2500 5000.1 0
8 -2500 -2500 5000.1 0
9 -2500 -2500 5000.1 0
10 -2500 -2500 7500.1 0
11 -1570.8 -5000 1570.8 0

******
1.770000,-34.123941,0.000000,0.100000
0 0 0 1570.8 0
1 -5000 -1570.8 7500.1 0
2 -2500 -2500 5000.1 0
3 -2500 -2500 5000.1 0
4 -2500 -2500 5000.1 0
5 -2500 -2500 5000.1 0
6 -2500 -2500 5000.1 0
7 -2500 -2500 5000.1 0
8 -2500 -2500 5000.1 0
9 -2500 -2500 5000.1 0
10 -2500 -2500 7500.1 0
11 -1570.8 -5000 1570.8 0

******
1.780000,-34.123941,0.000000,0.100000
0 0 0 1570.8 0
1 -5000 -1570.8 7500.1 0
2 -2500 -2500 5000.1 0
3 -2500 -2500 5000.1 0
4 -2500 -2500 5000.1 0
5 -2500 -2500 5000.1 0
6 -2500 -2500 5000.1 0
7 -2500 -2500 5000.1 0
8 -2500 -2500 5000.1 0
9 -2500 -2500 5000.1 0
10 -2500 -2500 7500.1 0
11 -1570.8 -5000 1570.8 0

******
1.790000,-34.123941,0.000000,0.100000
0 0 0 1570.8 0
1 -5000 -1570.8 7500.1 0
2 -2500 -2500 5000.1 0
3 -2500 -2500 5000.1 0
4 -2500 -2500 5000.1 0
5 -2500 -2500 5000.1 0
6 -2500 -2500 5000.1 0
7 -2500 -2500 5000.1 0
8 -2500 -2500 5000.1 0
9 -2500 -2500 5000.1 0
10 -2500 -2500 7500.1 0
11 -1570.8 -5000 1570.8 0

******
1.800000,-34.123941,0.000000,0.100000
0 0 0 1570.8 0
1 -5000 -1570.8 7500.1 0
2 -2500 -2500 5000.1 0
3 -2500 -2500 5000.1 0
4 -2500 -2500 5000.1 0
5 -2500 -2500 5000.1 0
6 -2500 -2500 5000.1 0
7 -2500 -2500 5000.1 0
8 -2500 -2500 5000.1 0
9 -2500 -2500 5000.1 0
10 -2500 -2500 7500.1 0
11 -1570.8 -5000 1570.8 0

******
1.810000,-34.123941,0.000000,0.100000
0 0 0 1570.8 0
1 -5000 -1570.8 7500.1 0
2 -2500 -2500 5000.1 0
3 -2500 -2500 5000.1 0
4 -2500 -2500 5000.1 0
5 -2500 -2500 5000.1 0
6 -2500 -2500 5000.1 0
7 -2500 -2500 5000.1 0
8 -2500 -2500 5000.1 0
9 -2500 -2500 5000.1 0
10 -2500 -2500 7500.1 0
11 -1570.8 -5000 1570.8 0

******
1.820000,-34.123941,0.000000,0.100000
0 0 0 1570.8 0
1 -5000 -1570.8 7500.1 0
2 -2500 -2500 5000.1 0
3 -2500 -2500 5000.1 0
4 -2500 -2500 5000.1 0
5 -2500 -2500 5000.1 0
6 -2500 -2500 5000.1 0
7 -2500 -2500 5000.1 0
8 -2500 -2500 5000.1 0
9 -2500 -2500 5000.1 0
10 -2500 -2500 7500.1 0
11 -1570.8 -5000 1570.8 0

******
1.830000,-34.123941,0.000000,0.100000
0 0 0 1570.8 0
1 -5000 -1570.8 7500.1 0
2 -2500 -2500 5000.1 0
3 -2500 -2500 5000.1 0
4 -2500 -2500 5000.1 0
5 -2500 -2500 5000.1 0
6 -2500 -2500 5000.1 0
7 -2500 -2500 5000.1 0
8 -2500 -2500 5000.1 0
9 -2500 -2500 5000.1 0
10 -2500 -2500 7500.1 0
11 -1570.8 -5000 1570.8 0

******
1.840000,-34.123941,0.000000,0.100000
0 0 0 1570.8 0
1 -5000 -1570.8 7500.1 0
2 -2500 -2500 5000.1 0
3 -2500 -2500 5000.1 0
4 -2500 -2500 5000.1 0
5 -2500 -2500 5000.1 0
6 -2500 -2500 5000.1 0
7 -2500 -2500 5000.1 0
8 -2500 -2500 5000.1 0
9 -2500 -2500 5000.1 0
10 -2500 -2500 7500.1 0
11 -1570.8 -5000 1570.8 0

******
1.850000,-34.123941,0.000000,0.100000
0 0 0 1570.8 0
1 -5000 -1570.8 7500.1 0
2 -2500 -2500 5000.1 0
3 -2500 -2500 5000.1 0
4 -2500 -2500 5000.1 0
5 -2500 -2500 5000.1 0
6 -2500 -2500 5000.1 0
7 -2500 -2500 5000.1 0
8 -2500 -2500 5000.1 0
9 -2500 -2500 5000.1 0
10 -2500 -2500 7500.1 0
11 -1570.8 -5000 1570.8 0

******
1.860000,-34.123941,0.000000,0.100000
0 0 0 1570.8 0
1 -5000 -1570.8 7500.1 0
2 -2500 -2500 5000.1 0
3 -2500 -2500 5000.1 0
4 -2500 -2500 5000.1 0
5 -2500 -2500 5000.1 0
6 -2500 -2500 5000.1 0
7 -2500 -2500 5000.1 0
8 -2500 -2500 5000.1 0
9 -2500 -2500 5000.1 0
10 -2500 -2500 7500.1 0
11 -1570.8 -5000 1570.8 0

******
1.870000,-34.123941,0.000000,0.100000
0 0 0 1570.8 0
1 -5000 -1570.8 7500.1 0
2 -2500 -2500 5000.1 0
3 -2500 -2500 5000.1 0
4 -2500 -2500 5000.1 0
5 -2500 -2500 5000.1 0
6 -2500 -2500 5000.1 0
7 -2500 -2500 5000.1 0
8 -2500 -2500 5000.1 0
9 -2500 -2500 5000.1 0
10 -2500 -2500 7500.1 0
11 -1570.8 -5000 1570.8 0

******
1.880000,-34.123941,0.000000,0.100000
0 0 0 1570.8 0
1 -5000 -1570.8 7500.1 0
2 -2500 -2500 5000.1 0
3 -2500 -2500 5000.1 0
4 -2500 -2500 5000.1 0
5 -2500 -2500 5000.1 0
6 -2500 -2500 5000.1 0
7 -2500 -2500 5000.1 0
8 -2500 -2500 5000.1 0
9 -2500 -2500 5000.1 0
10 -2500 -2500 7500.1 0
11 -1570.8 -5000 1570.8 0

******
1.890000,-34.123941,0.000000,0.100000
0 0 0 1570.8 0
1 -5000 -1570.8 7500.1 0
2 -2500 -2500 5000.1 0
3 -2500 -2500 5000.1 0
4 -2500 -2500 5000.1 0
5 -2500 -2500 5000.1 0
6 -2500 -2500 5000.1 0
7 -2500 -2500 5000.1 0
8 -2500 -2500 5000.1 0
9 -2500 -2500 5000.1 0
10 -2500 -2500 7500.1 0
11 -1570.8 -5000 1570.8 0

******
1.900000,-34.123941,0.000000,0.100000
0 0 0 1570.8 0
1 -5000 -1570.8 7500.1 0
2 -2500 -2500 5000.1 0
3 -2500 -2500 5000.1 0
4 -2500 -2500 5000.1 0
5 -2500 -2500 5000.1 0
6 -2500 -2500 5000.1 0
7 -2500 -2500 5000.1 0
8 -2500 -2500 5000.1 0
9 -2500 -2500 5000.1 0
10 -2500 -2500 7500.1 0
11 -1570.8 -5000 1570.8 0

******
1.910000,-34.123941,0.000000,0.100000
0 0 0 1570.8 0
1 -5000 -1570.8 7500.1 0
2 -2500 -2500 5000.1 0
3 -2500 -2500 5000.1 0
4 -2500 -2500 5000.1 0
5 -2500 -2500 5000.1 0
6 -2500 -2500 5000.1 0
7 -2500 -2500 5000.1 0
8 -2500 -2500 5000.1 0
9 -2500 -2500 5000.1 0
10 -2500 -2500 7500.1 0
11 -1570.8 -5000 1570.8 0

******
1.920000,-34.123941,0.000000,0.100000
0 0 0 1570.8 0
1 -5000 -1570.8 7500.1 0
2 -2500 -2500 5000.1 0
3 -2500 -2500 5000.1 0
4 -2500 -2500 5000.1 0
5 -2500 -2500 5000.1 0
6 -2500 -2500 5000.1 0
7 -2500 -2500 5000.1 0
8 -2500 -2500 5000.1 0
9 -2500 -2500 5000.1 0
10 -2500 -2500 7500.1 0
11 -1570.8 -5000 1570.8 0

******
1.930000,-34.123941,0.000000,0.100000
0 0 0 1570.8 0
1 -5000 -1570.8 7500.1 0
2 -2500 -2500 5000.1 0
3 -2500 -2500 5000.1 0
4 -2500 -2500 5000.1 0
5 -2500 -2500 5000.1 0
6 -2500 -2500 5000.1 0
7 -2500 -2500 5000.1 0
8 -2500 -2500 5000.1 0
9 -2500 -2500 5000.1 0
10 -2500 -2500 7500.1 0
11 -1570.8 -5000 1570.8 0

******
1.940000,-34.123941,0.000000,0.100000
0 0 0 1570.8 0
1 -5000 -1570.8 7500.1 0
2 -2500 -2500 5000.1 0
3 -2500 -2500 5000.1 0
4 -2500 -2500 5000.1 0
5 -2500 -2500 5000.1 0
6 -2500 -2500 5000.1 0
7 -2500 -2500 5000.1 0
8 -2500 -2500 5000.1 0
9 -2500 -2500 5000.1 0
10 -2500 -2500 7500.1 0
11 -1570.8 -5000 1570.8 0

******
1.950000,-34.123941,0.000000,0.100000
0 0 0 1570.8 0
1 -5000 -1570.8 7500.1 0
2 -2500 -2500 5000.1 0
3 -2500 -2500 5000.1 0
4 -2500 -2500 5000.1 0
5 -2500 -2500 5000.1 0
6 -2500 -2500 5000.1 0
7 -2500 -2500 5000.1 0
8 -2500 -2500 5000.1 0
9 -2500 -2500 5000.1 0
10 -2500 -2500 7500.1 0
11 -1570.8 -5000 1570.8 0

******
1.960000,-34.123941,0.000000,0.100000
0 0 0 1570.8 0
1 -5000 -1570.8 7500.1 0
2 -2500 -2500 5000.1 0
3 -2500 -2500 5000.1 0
4 -2500 -2500 5000.1 0
5 -2500 -2500 5000.1 0
6 -2500 -2500 5000.1 0
7 -2500 -2500 5000.1 0
8 -2500 -2500 5000.1 0
9 -2500 -2500 5000.1 0
10 -2500 -2500 7500.1 0
11 -1570.8 -5000 1570.8 0

******
1.970000,-34.123941,0.000000,0.100000
0 0 0 1570.8 0
1 -5000 -1570.8 7500.1 0
2 -2500 -2500 5000.1 0
3 -2500 -2500 5000.1 0
4 -2500 -2500 5000.1 0
5 -2500 -2500 5000.1 0
6 -2500 -2500 5000.1 0
7 -2500 -2500 5000.1 0
8 -2500 -2500 5000.1 0
9 -2500 -2500 5000.1 0
10 -2500 -2500 7500.1 0
11 -1570.8 -5000 1570.8 0

******
1.980000,-34.123941,0.000000,0.100000
0 0 0 1570.8 0
1 -5000 -1570.8 7500.1 0
2 -2500 -2500 5000.1 0
3 -2500 -2500 5000.1 0
4 -2500 -2500 5000.1 0
5 -2500 -2500 5000.1 0
6 -2500 -2500 5000.1 0
7 -2500 -2500 5000.1 0
8 -2500 -2500 5000.1 0
9 -2500 -2500 5000.1 0
10 -2500 -2500 7500.1 0
11 -1570.8 -5000 1570.8 0

******
1.990000,-34.123941,0.000000,0.100000
0 0 0 1570.8 0
1 -5000 -1570.8 7500.1 0
2 -2500 -2500 5000.1 0
3 -2500 -2500 5000.1 0
4 -2500 -2500 5000.1 0
5 -2500 -2500 5000.1 0
6 -2500 -2500 5000.1 0
7 -2500 -2500 5000.1 0
8 -2500 -2500 5000.1 0
9 -2500 -2500 5000.1 0
10 -2500 -2500 7500.1 0
11 -1570.8 -5000 1570.8 0

******
2.000000,-34.123941,0.000000,0.100000
